id_imagen,autor_id,tipo_manovich,confianza_etiqueta,caso_limite,justificacion_etiqueta
005135c4ff2b5b75,HOB,casual,alta,NO,"La tomé sin intención compositiva, sólo para registrar la cena antes de cocinarla. El encuadre es cenital y descuidado: la plancha ocupa todo el cuadro y queda cortada en los cuatro bordes. La luz es el flash directo del teléfono, que quema los brillos de la carne y hunde el fondo en sombra dura. No hay regla de tercios, no hay horizonte, no hay control de color. La asigno casual con confianza alta porque responde a lo que la guía llama noticia para íntimos: un registro de lo ordinario destinado a un círculo cercano, donde el valor es testimonial y no estético."
c507b59a50eba067,HOB,casual,alta,NO,"Un contenedor de residuos ocupando el centro del cuadro es exactamente el tipo de sujeto no-notable que la guía propone para esta categoría. No hay jerarquía compositiva: el contenedor, el cartel de la bicisenda y la vereda pesan lo mismo. El ciclista que cruza el fondo entró por azar, no lo esperé. La luz es la del mediodía, sin elección de hora ni de dirección. La asigno casual con confianza alta porque el criterio de la toma fue documentar algo banal de la calle, no construir una imagen; que la nitidez sea buena es mérito del teléfono, no una decisión mía."
bf2a5766d6b9bcbc,HOB,casual,media,SI,"Es un registro doméstico: el gato se quedó quieto un momento y le saqué una foto, sin preparar nada. El fondo es mi escritorio, con la pantalla encendida, sin ordenar. La asigno casual porque la intención fue afectiva y momentánea, propia del modo amigos. Le pongo confianza media y la marco como caso límite porque el resultado contradice en parte esa intención: el modo retrato del teléfono separó al sujeto del fondo y dejó los ojos perfectamente nítidos, que son convenciones de la mirada técnica. Es un buen ejemplo de cómo el automatismo de la cámara empuja una foto casual hacia lo profesional."
d8ab5059d2eebeec,HOB,diseño,alta,NO,"Es una toma cenital compuesta como imagen, no como registro de un café. Coloqué la taza en el cuadrante inferior derecho y dejé que la mitad izquierda quedara vacía: la madera gastada funciona como espacio negativo y a la vez aporta la única textura del cuadro, con sus vetas y marcas. La paleta se reduce al blanco de la loza, el marrón de la mesa y el tono del café. El plano cenital aplana la escena y la convierte en una composición de círculos sobre un plano. La asigno diseño con confianza alta por el minimalismo y el encuadre asimétrico."
dff4b9e1e0189297,HOB,diseño,alta,NO,"Me detuve a fotografiar la tapa desde arriba porque me interesó el dibujo, no el objeto. El plano cenital aplana el espacio y convierte la escena en una superficie gráfica: los círculos concéntricos del hierro contra la trama de puntos de las baldosas amarillas y el gris irregular del cemento. La textura y el patrón son el tema. La asigno diseño con confianza alta porque la decisión fue tratar el encuadre como un lienzo, eliminando toda referencia narrativa o de contexto; no se sabe dónde es ni qué estaba pasando alrededor."
fff23c0a712dcccb,HOB,diseño,alta,NO,"La encuadré de frente, tratando la pared como un plano y no como un espacio: el resultado es una imagen casi sin profundidad, donde lo que organiza la lectura es el contraste entre tres colores, el rojo saturado del muro, el gris de la persiana y el verde de la enredadera. Las líneas horizontales de los postigos arman una trama regular que la vegetación desordena por encima. La asigno diseño con confianza alta porque la decisión fue construir una superficie gráfica, no documentar una casa."
3ca3711a59474bc8,HOB,profesional,alta,NO,"La saqué buscando el contraste entre la luz cálida del edificio y el cielo, y ese control de la luz es la razón principal de la etiqueta: la iluminación rasante genera volumen en los arcos y el rango tonal se sostiene en los dos extremos, con las ventanas encendidas sin quemarse y las sombras de la cornisa con detalle. Medí las verticales y conservan una desviación de alrededor de dos grados, en parte por la convergencia propia del contrapicado y en parte por la toma. La asigno profesional con confianza alta, asumiendo esa imprecisión geométrica como límite reconocido de la imagen."
0089b69ead893902,HOB,profesional,alta,NO,"Busqué deliberadamente aislar el racimo del fondo. El sujeto está nítido en el plano cercano y el resto de la planta cae en desenfoque progresivo, lo que ordena la lectura de la imagen. Los pétalos blancos, que son lo más difícil de exponer acá, conservan textura sin quemarse contra el verde. El peso visual está desplazado hacia la derecha y el vacío desenfocado de la izquierda lo equilibra. La asigno profesional con confianza alta por el foco crítico y el control de profundidad de campo."
5fdef16239915436,HOB,profesional,media,SI,"Elegí la esquina de frente para que el volumen entrara completo, con las dos fachadas simétricas respecto del acceso central. Las verticales quedaron a plomada y el encuadre no corta el edificio en ningún borde. El cielo cubierto dio una luz difusa y pareja que evita los contrastes duros: no hay un solo píxel quemado y las sombras bajo el alero conservan detalle. La asigno profesional con confianza alta porque responde punto por punto al checklist de auditoría de la guía: nivelación, encuadre limpio, exposición controlada y neutralidad cromática."
4a5dd195908a1d72,JOB,casual,Media,NO,"Chocolates en la mesa : Esta fotografía se clasifica en la categoría casual porque retrata un espacio cotidiano y espontáneo sin arreglo estético previo. La disposición desordenada 
de cajas abiertas, envoltorios y tabletas de chocolate sobre la mesa refleja un consumo inmediato e informal, alejado de la composición estructurada que caracteriza a la fotografía 
publicitaria de alimentos. Su principal ambigüedad radica en la narrativa del contexto: la imagen no permite discernir si se trata de una reunión social compartida, una degustación
 de productos traídos de un viaje reciente o simplemente un conjunto de obsequios sin abrir. "
cefbe6ec666f0528,JOB,casual,Media,NO,"Plato de comida : La imagen pertenece a la categoría casual al capturar una porción de pollo con papas fritas servida de forma directa y sin preparación estilística.
El encuadre en plano cenital es inmediato y refleja el acto cotidiano de documentar un almuerzo o cena en el momento exacto previo o posterior a comer, manteniendo una 
estética utilitaria e informal. La ambigüedad intrínseca radica en el origen de la preparación: la toma no aporta suficientes indicios visuales para determinar si se trata de un 
plato elaborado en un entorno hogareño o de un menú servido en un restaurante tradicional. "
864dd09676202286,JOB,casual,Media,NO,"Calzado en la tierra : Se asigna esta imagen a la categoría casual por ser una toma en picado realizada de forma instintiva, registrando los propios pies durante una pausa en un 
entorno natural. La composición no responde a un estándar publicitario o de diseño, sino al registro documental de una vivencia personal. La ambigüedad de la fotografía surge 
de los elementos observados: no queda claro qué actividad específica realiza la persona en ese terreno, ni la naturaleza exacta del calzado oscuro, el cual plantea dudas sobre 
si es un calzado técnico de montaña o una cubierta protectora para la lluvia."
f6066e321b10f4c2,JOB,diseño,Media,SI,"Fuente en piscina vista desde arriba : La fotografía pertenece a la categoría de diseño por su marcado enfoque abstracto y el uso deliberado de la perspectiva vertical. 
El encuadre busca resaltar el contraste de tonos fríos y cálidos junto con las texturas concéntricas de la fuente sobre el fondo reticulado de la piscina, priorizando 
la geometría visual por encima de la escena general. Su ambigüedad radica en la función del registro: no queda claro si la toma responde a un detalle arquitectónico 
publicitario, una búsqueda artística personal de patrones o una postal conceptual de un hotel "
5acdcfa25e9511d7,JOB,diseño,Media,NO,"Café y libreta centrados : Se asigna a la categoría de diseño debido a su rigurosa alineación y búsqueda de equilibrio visual, organizando las tazas, la libreta y la lapicera 
sobre un eje central limpio. Esta disposición calculada apela a la estética minimalista característica de las redes sociales, donde los elementos cotidianos se reordenan 
estilísticamente. Su ambigüedad intrínseca se halla en el mensaje final: resulta incierto si la fotografía intenta promocionar la experiencia de un espacio de café, 
publicitar el diseño de la libreta o simplemente proyectar una atmósfera inspiradora en Instagram."
2dd6e6b5f2401a98,JOB,diseño,Media,NO,"Cuaderno con auriculares y anteojos : Esta imagen se clasifica en la categoría de diseño por su cuidada composición en plano cenital (flat lay), donde cada objeto está 
colocado con una clara intención estética y geométrica. La paleta de colores sobria y la simetría visual buscan evocar un concepto pulcro de espacio de trabajo o estudio. 
La ambigüedad de la foto radica en su propósito comunicativo: la disposición armada no permite distinguir si busca promocionar artículos de oficina, 
funcionar como imagen de portada sobre productividad para un blog o representar una toma conceptual de estilo de vida."
a9dca0565efe3c3a,JOB,profesional,Media,SI,"Playa con cielo despejado : Esta fotografía se clasifica en la categoría profesional por el riguroso control técnico de su composición. La aplicación explícita de la regla de tercios
ubica la línea del horizonte de forma equilibrada, mientras que el manejo preciso de la exposición logra colores limpios y un contraste equilibrado entre la arena, el mar y el cielo. 
Su ambigüedad radica en la finalidad del registro: el encuadre resulta lo suficientemente neutro como para ser una fotografía de catálogo turístico, 
un fondo de pantalla editorial o simplemente una captura de viaje ejecutada con técnica impecable. "
e4024871b0869adc,JOB,profesional,Media,SI,"Casa Rosada iluminada : Se asigna a la categoría profesional debido al dominio técnico en la captura nocturna de arquitectura monumental. El uso de una exposición controlada 
evita el sobrecalentamiento de las luces artificiales sobre la fachada y conserva el detalle estructural en la penumbra, logrando una iluminación uniforme y un balance de blancos 
preciso que resalta los tonos rosados. La ambigüedad de la imagen se presenta en su contexto institucional: no permite determinar si la toma pertenece a una cobertura periodística, 
a un banco de imágenes patrimoniales o a un registro documental oficial. "
76f95aec2f9f53ff,JOB,profesional,Media,SI,"Playa tropical con sombrillas : La imagen pertenece a la categoría profesional por el uso estratégico de un punto de vista elevado que organiza armónicamente los elementos 
naturales y estructurales. La composición aprovecha la luz natural para resaltar la gradación de tonos en el agua, distribuyendo las sombrillas de paja y la vegetación con una 
profundidad de campo precisa. Su ambigüedad intrínseca radica en el mensaje comercial: el encuadre cuidado genera dudas sobre si responde a una campaña publicitaria 
para un complejo hotelero de lujo o a una postal turística de archivo editorial. "
1cdae17b3c639477,CB,casual,alta,NO,"La asigné como casual porque la saqué espontáneamente para registrar lo que estaba viendo ese día para el trabajo. Me llamaron la atención las figuras de Maradona y Messi y quise que sus rostros se identificaran bien, pero no pensé demasiado en la composición. Saqué tres fotos y elegí esta porque tenía mejor luz, ya que después se nubló. Decidí destacar las figuras por encima de los bancos y otros elementos del lugar. La considero casual principalmente por el ambiente y el fondo, que tiene varios elementos que hacen que la imagen se vea más cargada."
a71cfcb631e53314,CB,casual,media,NO,"La asigné como casual porque quería registrar el edificio y el lugar en general desde el puente, ya que elegí deliberadamente ese ángulo. También tuve en cuenta el momento del día, porque estaba empezando a ocultarse el sol y las luces del edificio resaltaban con el cielo nublado. Saqué varias fotos y elegí esta porque era la que más me llamaba la atención. Si bien tiene algunos elementos de composición, como la regla de los tercios y un juego de formas, considero que mostrar todo el ambiente hace que sea más casual.  "
8cf1dc255ffcb944,CB,casual,alta,NO,"La asigné como casual porque la saqué para registrar el tren que descubrí recorriendo la universidad, ya que todavía hay partes del campus que no conozco. Sí busqué deliberadamente el encuadre y elegí qué carteles dejar afuera porque había muchos alrededor. También busqué aprovechar la luz que iluminaba el tren desde atrás. Saqué varias fotos y elegí esta porque es la que más de cerca lo muestra. La considero casual por todos los elementos del entorno, como los carteles, las barandas y el edificio."
a5fb1491be3d12af,CB,diseño,alta,NO,"La asigné como diseño porque quería representar la arquitectura a partir de los distintos elementos que forman la fachada. Me llamó la atención la gran superficie que genera espacio negativo, junto con las líneas horizontales y las letras de “cine universitario”, que funcionan como un elemento tipográfico dentro de la composición. La parte inferior introduce ventanas y formas rectangulares que contrastan con la superficie de arriba. También busqué mantener una unidad visual a través de la paleta de grises y aprovechar la diagonal que forman las estructuras.  "
01be6ddbce8e7945,CB,diseño,alta,NO,"La asigné como diseño porque buscaba destacar el objeto sobre un fondo blanco. Elegí aislarlo y ubicarlo hacia la derecha, dejando mucho espacio negativo a la izquierda. También me interesaron sus formas curvas, la repetición de las flores y el contraste entre la superficie lisa del fondo y los detalles del objeto. Pensé en los colores y en la sombra proyectada hacia la izquierda para que también formaran parte de la composición."
33a0a008194384ba,CB,diseño,alta,NO,"La asigné como diseño para representar un momento cotidiano de lectura y pausa. Elegí el libro y la taza por sus formas diferentes, ya que el libro aporta una estructura rectangular y la taza circular. También busqué que sus colores contrastaran con el fondo blanco y que la iluminación generara una sombra visible de la taza. Quería que la luz no solamente iluminara los objetos, sino que también formara parte de la composición.  "
bb05085157f36a71,CB,profesional,alta,NO,"La asigné como profesional porque, aunque la fotografía original fue tomada espontáneamente para mostrarle a una amiga dónde me encontraba, cuando la revisé para esta actividad noté que la sombra de la escultura le daba potencial a la foto. Por eso decidí recortarla y jugar con la sombra y los distintos planos entre las figuras oscuras, la pared de ladrillos y las estructuras del edificio. No pensé específicamente en la iluminación al tomarla, pero la luz fue importante para generar la sombra que después decidí destacar."
d3c81b8fec0c9df5,CB,profesional,alta,NO,"La asigné como profesional porque me llamó la atención cómo el camino genera un punto de fuga y cómo los árboles están alineados siguiendo ese recorrido hacia el fondo. La foto fue espontánea, ya que estaba buscando imágenes para el trabajo y esta escena fue la que más me llamó la atención, pero sí elegí deliberadamente sacar la foto desde ese lugar. También me gustaron mucho las sombras que hacían los árboles en el día soleado, porque le daban más profundidad a la imagen. Al adaptarla al formato 1:1 hice un recorte para sacar parte del edificio que aparecía a la izquierda y darle más protagonismo al camino y a los árboles."
b486caeca837b1a2,CB,profesional,alta,NO,"La asigné como profesional porque la foto surgió de forma espontánea y buscaba principalmente mostrar la tranquilidad del lugar. Me gustó cómo quedaron equilibrados el cielo, el agua y la tierra, y cómo la caña genera una línea que lleva la mirada hacia el agua. No pensé en una iluminación o composición específica al tomarla. Después, al adaptarla al formato 1:1, recorté parte de la imagen original y elegí conservar la zona donde la caña quedaba hacia un extremo, junto con la parte del paisaje que más me llamaba la atención."
661e2be5961d2f8f,MC,casual,alta,NO,"Retrata un momento nostalgico donde se evocan emociones de ese instante preciso y el contexto que rodea el evento, Aqui se destaca el recuerdo de una mascota traviesa que come harina, destruye la casa y siempre pone cada de inocencia. Se desata el encuadre de su cabeza llena de los sedimientos de sus acciones destructivas.  Si bien el ambiente y encuadre no son lo esperado en cuanto a centralidad. Cumple con evocar ese instante distinto irrepetible de una acción pasada."
21808e82e49fdc49,MC,casual,alta,NO,"Retrata un momento nostalgico donde se evocan emociones de ese instante preciso y el contexto que rodea el evento. Mostrando un dia con mucha luz y color con nitidez no alineada trajendo un conjunto de personas que comparten un espacio, una actividad y un camino. Donde el clima del entorno de un paisaje rural acompaña a quienes realizan la travesia. Este espacio solo cuida encontrar una comunidad de personas con un interes comun sin compentencia con compañerismo y placer en una actividad al aire libre."
2b4779ae9a82d40f,MC,casual,alta,NO,"Retrata un momento nostalgico donde se evocan emociones de ese instante preciso y el contexto que rodea el evento, Aqui se destaca el recuerdo de una mascota traviesa que come quien demuestra ternura y obediencia. Como si fuera una mascota entrenada. Con mirada tierna disfrutando de un sol de otoño sobre las hojas caigas y desperdigadas con un sol que baña su cara la cual se deleita en sentir la presencia de un tibio sol que la empapa y la invita a compartir un espacio de libertad"
01bf4855b1ecde75,MC,diseño,baja,NO," Se tomó con la intencionalidad de mostrar Minimalismo Global:  Control estricto de la paleta de colores y el espacio negativo (vacíos que equilibran la imagen) y Encuadre Asimétrico:  Desplazamiento del peso visual para crear una tensión sofisticado; comunicando ""cómo se siente"" un espacio curado"
ca0b627c98d7e9ae,MC,diseño,media,NO," Se tomó con la intencionalidad de mostrar Minimalismo Global:  Control estricto de la paleta de colores y el espacio negativo (vacíos que equilibran la imagen) y Encuadre Asimétrico:  Desplazamiento del peso visual para crear una tensión sofisticado; comunicando ""cómo se siente"" un espacio curado"
274b4d1c09b98225,MC,diseño,media,NO,"Desplazamiento del peso visual para crear una tensión sofisticado; comunicando ""cómo se siente"" un espacio curado donde se busca tentar al espectador. Producir el deseo de sentir los sabores de la crema pastelera que desborda."
083d2a10303815f6,MC,profesional,alta,NO,"Posee un Enfoque crítico:  Nitidez absoluta en el sujeto principal; el uso del enfoque manual para asegurar la definición donde también conserva Rango tonal:  Exposición equilibrada que preserve información tanto en las altas luces como en las sombras más profundas y Arquitectura de la Luz: Uso de la iluminación para generar volumen, profundidad y ritmo visual. En esta se destaca una noche cerrada donde la mayor parte de la imagen esta en oscuridad e irrumpe la luz de la luna rompiendo la oscuridad con su luminancia exclusiva"
ed14e3941f8fa9b9,MC,profesional,baja,SI,Posee un Enfoque crítico:  Nitidez y Rango tonal donde se muestra la totalidad de un paisaje y una forestacion donde permite ubicarse en un espacio geografico y como asi tambien las luces y variedad tonal permite ubicarse en un horario especifico del dia. La cantidad de sobras en las parte donde hay liquido muestra un clima especifico meotorologico la cual con el horizonte de relieve especifico da un marco al lago. Esta imagen intenta mostrar la naturaleza aunque en algunas partes aun se llega a visualizar la presencia del humano en sus construcciones
77e611e93c681110,MC,profesional,baja,SI,Posee un Enfoque crítico:  Nitidez y Rango tonal donde se muestra la totalidad de un paisaje y una forestacion donde permite ubicarse en un espacio geografico y como asi tambien las luces y variedad tonal permite ubicarse en un horario especifico del dia. La cantidad de sobras en las parte de flora muestra un clima especifico meotorologico la cual con el horizonte de relieve. El punto de fuga esta en medio del camino lo cual te invita a internarte en el sendero.
c9189ae0c1687c1e,MBD,casual,alta,NO,"Esta foto la tome cuando sali a pasear a mi perrita a la plaza , fue una foto espontanea."
553dd11e323cd819,MBD,casual,alta,NO,Esta es una foto  espontanea de una tarde de merienda. La luz es calida propia del lugar. Los objetos estan amontonados sin un orden  y tampoco estaba pensado el encuadre.
1bcaf83270a10bf1,MBD,casual,alta,NO,Esta foto la saque al paso es un pato en un lago.
8e4ce330b9f4502c,MBD,diseño,alta,NO,"es una flor naranja que esta fotografiada en plano cenital sobre un fondo oscuro.  Es un solo objeto se desplaza un poco hacia la esquina,  tiene amplio espacio negativo con encuadre asimetricon y minimalismo global."
69513c6f74f1845b,MBD,diseño,alta,NO, esta foto es de un tulipan  en su maceta tejido a crochet sobre una mesada oscura. es un objeto  unico  con mucho espacio negativo 
3261d38ec160026f,MBD,diseño,alta,NO,Esta es una foto de una planta  apoyada sobre un mueble oscuro y pared blanca. es un objeto unico y minimalista. la sombra proyectada funciona como elemento grafico y genera asimetria.
a2c15d39e467e43b,MBD,profesional,alta,SI,"Esta foto es de un velero amarillo en el dique de Puerto Madero. Es nitido y completo, exposicion equilibrada sin zonas quemadas  ni empastadas."
6c6a04de59d4952a,MBD,profesional,alta,SI,"Esta foto es de un lago en un parque. Es  nitida,  nivelada, con exposicion iso bajo que evita el ruido."
2ca8f9adda33e4b1,MBD,profesional,alta,NO,"Esta foto es otra vista del dique de Puerto Madero  y con veleros amarrados. Encuadre ubicando el inicio del agua sobre el tercio inferior y cuidando que el horizonte y las verticales de los edificios quedaran alineados. La exposición conserva detalle en las fachadas blancas y en el cielo, sin zonas quemadas, y la nitidez permite distinguir mástiles y ventanas al cien por ciento. Los colores son naturales, sin dominantes."
24ef167f5258ff6a,DD,casual,alta,NO,"Esta imagen la catalogué como ""CASUAL"" en formato 1:1. La imagen fue capturada porque refleja la arquitectura o fachada de una casa de tiempo pasado donde se observan ladrillos en color terracota, una puerta doble en color verde oscuro y una vereda de ladrillos también en color terracota. No se conservan líneas exactas y refleja la idea de una imagen tomada en forma ""descuidada"" para fijar el momento. No está centrada y la puerta se encuentra ubicada en el tercio inferior derecho. En casi los dos primeros tercios izquierdos se puede visualizar la pared de la construcción. La imagen se tomó en horas de la tarde con luz totalmente natural."
52508cb0b352df57,DD,casual,alta,NO,"Esta imagen la catalogué como ""CASUAL"" en formato 1:1. Representa una fotografía que representa una plato de comida tomado desde una ángulo superior a 45 grados. No conserva líneas perfectas. El plato y comida están ubicados en los dos tercios inferiores de la imagen haciendo especial foco en la carne y papas que forman el plato. En el primer tercio superior se observan unos vasos y parte de la mesa que no aportan valor importante. Se descuida la centralidad de la imagen, cubiertos y vasos quedan casi fuera del plano. Se tomó en horas de la noche pero con luz del local gastronómico (sin flash)."
17eb746cacd0e4e9,DD,casual,alta,NO,"Esta imagen la catalogué como ""CASUAL"" en formato 1:1. Representa una antigua estación de tren que por sus colores se refleja claramente el paso del tiempo. Se trata de una construcción de dos plantas, tomada desde un ángulo de 45 grados. No se mantienen líneas exactas y se hizo foco en la captura de las vias de un tren en el primer tercio inferior. En los dos tercios superiores se puede ver la construcción pero una pequeña parte de ella se pierde en la parte central superior. Imagen tomada en horas de la tarde de un día con algo de nubosidad."
035dd67fec1c5086,DD,diseño,alta,NO,"Esta es una fotografía de diseño con una composición minimalista de naturaleza muerta. Se fotografió un ramo de hojas secas dentro de un florero esférico de vidrio transparente, apoyado sobre una mesa también de vidrio. El conjunto está ubicado en el tercio inferior izquierdo del encuadre, dejando gran parte del fondo vacío como campo abierto. El peso visual está concentrado a la izquierda (objeto físico) y se compensa con la sombra que se extiende a la derecha. Existe un alto contraste entre luz y sombra, con la sombra proyectada funcionando casi como un segundo objeto de diseño. Se tomó en horas de la tarde con luz natural de frente."
4ebc5d371f2173c0,DD,diseño,alta,NO,"Esta es una fotografía de diseño donde se observa un objeto único sobre fondo neutro. Se trata de un cactus artificial de múltiples brazos, de tono verde oscuro con matices azulados, ubicado en el tercio inferior izquierdo del encuadre. Se apoya directamente sobre una mesa de vidrio texturado, sin maceta visible en el corte de la imagen. Dos tercios del encuadre son pared lisa y vacía lo que refuerza el minimalismo y pone todo el peso visual sobre el objeto. Existe un fuerte contraste entre la superficie mate y rugosa del cactus y la superficie lisa de la pared."
6dbdff470a8a7ea0,DD,diseño,alta,NO,"Esta es una fotografía de diseño sobre un producto con enfoque en identidad de marca y packaging. La imagen retrata tres botellas de cerveza artesanal Beagle, alineadas en primer plano sobre una mesa de vidrio texturado, ocupando el tercio inferior izquierdo del encuadre. Cada botella corresponde a una variedad distinta: Red Ale, Golden Ale y Cream Stout, identificables por el color del líquido y del detalle de la etiqueta. Las tres botellas generan dos siluetas de sombra bien definidas sobre la pared (la del medio se solapa parcialmente con una de las laterales), que actúan como una extensión gráfica del producto hacia la derecha del cuadro."
9fce1ebec391f095,DD,profesional,alta,NO,"Esta es una fotografía rotulada como ""profesional"". Se trata de un paisaje de la provincia de Misiones en Argentina tomada en horas de la tarde. Se observa un muy buen contraste y gama de colores. El paisaje trata de hileras de arbustos podados (cultivos de té) en primer plano, un campo de pasto verde intermedio, una línea de árboles y monte en el horizonte, y un cielo despejado con nubes que domina más de la mitad del encuadre. Fue tomada desde un punto de vista a nivel medio-bajo, apuntando ligeramente hacia arriba, lo que amplifica el protagonismo del cielo."
12f45e4ff237a337,DD,profesional,alta,NO,"Esta es una fotografía rotulada como ""profesional"". Se trata de un paisaje de la provincia de Misiones en Argentina tomada en horas de la tarde. Se observa un muy buen contraste y gama de colores. El paisaje trata de una gran nube que domina el centro y la mitad superior del encuadre, contrastando contra un cielo azul intenso. En la base del encuadre se extiende un paisaje rural con un cultivo de té. Fue tomada desde un punto de vista a nivel medio-bajo, apuntando ligeramente hacia arriba, lo que amplifica el protagonismo del cielo. El horizonte y la vegetación ocupan solo el tercio inferior, dejando el cielo y la nube como protagonistas absolutos de los dos tercios superiores."
d7ec13242a6458b5,DD,profesional,alta,NO,"Esta es una fotografía de calle con enfoque turístico. Cuenta con un punto de vista de cámara a nivel de calle, centrada en el eje vial, que genera una fuerte perspectiva de fuga hacia el horizonte. Respecto al punto de fuga central, la avenida, las palmeras y el carril bici convergen hacia el centro-fondo de la imagen, generando fuerte profundidad. Las palmeras a ambos lados equilibran el encuadre, aunque el lado derecho tiene mayor densidad de vegetación y edificios. Una avenida costera bordeada de palmeras, con una bicisenda verde a la derecha y una calzada vehicular/peatonal en el centro, por donde circulan numerosas personas caminando, patinando y en bicicleta. "
2c9a8b35dc14bc73,LJE,casual,alta,NO,Ya que se trata de una merienda con muchos elementos dispersos en la imagen y sin tener en cuenta un buen angulo si quiera para tomar la foto indica que es muy espontanea.
24598a72c12ac62f,LJE,casual,media,SI,"Podria considerarse con confianza media porque a pesar de ser una foto espontanea, solo hay un elemento en la imagen y esta bien encuadrado,  además es caso limite ya que por el color de la imagen, que haya un solo objeto podria llegar a considerarse algo de diseño"
24b86ce744927975,LJE,casual,alta,NO,Es una foto espontanea de un edificio con muchos elementos desordenados por lo que la considero muy casual
1a914480b755549c,LJE,diseño,alta,NO,"Solo aparece una unica figura de coleccion, con mucho color a comparacion del resto y baja profundidad de campo"
a0405ecd6921c258,LJE,diseño,alta,NO,Como se trata de un plano frontal con un color saturado resaltando y a su vez descentrado y con la intencion de destacar el objeto.
27a1096c56ac9840,LJE,diseño,alta,NO,"Se trata de unos stickers en un termo para mate, lo considero diseño ya que enfatiza los stickers en el termo enfocandolo directamente dejando de lado el fondo"
b621ef1951dca59b,LJE,profesional,alta,NO,"La estatua de la imagen tiene un buen encuadre simetrico, respetando la regla de los tercios, ademas de tratarse de una imagen limpia y con poca saturacion de colores"
4eed9fb79338b358,LJE,profesional,alta,NO,"La cafetera tiene un buen encuadre mostrando perfectamente su geometria y textura metalica, resaltando no por su color sino por su alto contraste"
550a812aaf3d34f1,LJE,profesional,media,SI,"En este caso en particular la categorizo como profesional por estar encuadrada, y por su alto contraste. A pesar de esto la etiqueto como caso límite y de confianza media porque en la imagen aparecen elementos de la casa tales como cortinas y reflejos en la mesa, teniendo matices de ser casero."
0f4fb28eee8666b3,CE,casual,alta,NO,"Esta fotografía captura lo casual de dos gatas mirando por la ventana como queriendo salir a pasear, tal vez en el auto de enfrente, o por lo menos recpstarse en el pasto. Busqué documentar lo cotidiano y la belleza de lo bana y  espontáneo. También tuve en cuenta el contraste de la luz que ingresaba del exterior con la sombra interior, la luz alumbrando el piso y el reflejo de las mascotas. También el encuadre con las ventanas parece simular los marcos de un cuadro"
5976f4e6485a18c8,CE,casual,alta,NO,"En esta fotografía quise documentar la espontaneidad de la gata buscando los primeros rayos de sol de la mañana, y cómo el color de los globos violetas y blancos, el gris del pelaje de la gata y el blanco de la mesa se reflejan en la pared. Se puede apreciar cómo los tonos violetas son más intensos en la ventana.  También me llamó la atención que incluso la sombra de la gata en la mesa, en vez de ser oscuro, parece ser de color violeta."
2a78426cc7940949,CE,casual,alta,NO,"Esta foto la tomé para reflejar el primer plano de la máxima atención de la gata, que ni se inmuta aunque me acerqué bastante para retratarla. Tambien me llamó la atención la composición y el contraste generado con el fondo de los globos de colores, y cómo los bigotes contrastaban con el color de los globos. Lo mismo con el pelaje blanco  contrastando con el ingreso de las orejas. Por último me llamó la atención la combinación del color de los globos violetas con la correa de la gata."
355656bae2e62d58,CE,diseño,media,NO,"En esta toma fotográfica busqué representar el minimalismo en la cocina, pocos ingredientes, lo básico en muchas recetas (cebolla y ajo), dejando el resto de la tabla libre, como queriendo decir que la cocina casera y rica no necesita de muchos ingredientes. También quise reflejar la atmósfera de cocina casera, con mucha madera. Otra cuestión que quise tomar en cuenta es el minimalismo fotográfico: ocupar poco espacio y dejar espacio negativo. Y en este caso, dejar ver las betas de la madera, como símbolo de un ambiente natural y casero."
a22fcae635023273,CE,diseño,media,NO,"En esta fotografía quise reflejar el minimalismo del mate. Quise reflejar la idea de que para disfrutar de un buen mate no se necesita de mucho. También el hecho de que el mate te hace compartir cuando estás acompañado, y que te hacer pensar cuando estás solo. Es una pausa en medio de la  borágine diaria. Y ese espacio vacío ayuda a pensar, a reflexionar, a hacer esa pausa para analizar lo que pasó pero también idear, imaginar, planear el futuro. Tambien quise reflejar el beteado del marmol como algo atemporal."
2c8baba3d9019e8a,CE,diseño,baja,SI,"Cuando pensé en esta foto, dudé al principio porque me parecía demasiado poco el limón, iba a agregarle rayadura de limón o un vaso con jugo o acompañarlo con otra cosa. Pero después me gustó la sombra que genera y cómo se conjuga con los trazos del marmolado (como si el beteado del marmolado saliera del propio limón). Y el hecho de aplicar el concepto del minimalismo ayuda a apreciar los detalles, como la sombra del limón y el beteado del mármol, ya que si lo hubiera cargado con otros elementos, los detalles quedarían eclipsados."
10ab96742bcae22d,CE,profesional,alta,NO,"Pensé hacer una toma fotográfica del estilo ""foto producto"" . Por eso pensé en una cerveza artesanal e independiente recién servida. Busqué seguir la Regla de los tercios, que el elemento a resaltar ocupe un tercio del espacio, dejando los otros dos tercios como espacio negativo. También busqué el contraste de colores entre el dorado, el blanco, el marrón, para que la imagen quede bien expuesta. También busqué una imagen limpia, sin sombras ni desenfoques, y un balance cromático sin estridencias, ni colores fuertes, que en parte reflejen la tranquilidad del momento."
2da87fe4bb04aef3,CE,profesional,alta,NO,"En esta toma fotográfica quise reflejar lo natual y lo sofisticado al mismo tiempo, porque una flor finalmente cuenta con esa combinación: lo natural, lo frágil y al mismo tiempo lo hermoso y sofisticado. Y al utilizar la Regla de los tercios, se nota ese contraste cuando contamos con las flores y cuando no, la exuberancia de colores y formas en contraste con lo monótono de la zona negativa. Por eso también busqué tomar una imagen limpia, sin muchos elementos, para que se pueda apreciar ese contraste."
da10757094ba447d,CE,profesional,media,NO,"En esta toma fotográfica quise reflejar como el potus pareciera querer acaparar la atención, y aún salirse de la Regla de los tercios, queriendo ir hacia los costados. Del mismo modo quise reflejar el contraste de los colores (verde vs marron, blanco vs negro).  Al mismo tiempo quise tomar registro de las formas, lo descontrolado y caótico del potus versus la monotonía del espacio que lo rodea. También busqué capturar una imagen limpia. De la misma manera, busqué un contraste cromático que haga resaltar la exuberancia descontrolada del potus."
ca4c2fcffb767f6a,CG,casual,alta,NO,"La fotografía registra un momento pasajero durante el embarque a un avión, funcionando como testimonio de una experiencia vivida. La presencia de los pasajeros, el equipaje y la aeronave permite conservar visualmente una situación que forma parte del viaje. El interés de la imagen está principalmente en documentar ese instante y no en alcanzar una composición estética perfecta. El encuadre conserva las características propias de la situación tal como se estaba desarrollando, por lo que la fotografía adquiere un carácter casual, vinculado especialmente con el recuerdo personal de la experiencia."
1df84e2dee41bfd4,CG,casual,alta,NO,"La fotografía captura de manera espontánea a los patitos mirando hacia la cámara durante un momento cotidiano. El encuadre se realizó sin una preparación previa, priorizando el registro de la situación por encima de una composición técnicamente planificada. Las sombras presentes en la imagen y la distribución natural de los elementos refuerzan su carácter espontáneo. No se busca una iluminación uniforme ni una organización perfecta de la escena, sino conservar el momento tal como ocurrió. Estas características permiten identificarla como una fotografía casual, donde predomina el valor testimonial del instante."
0d1ecda1d4bbe36b,CG,casual,alta,NO,"La fotografía registra un plato de comida dentro de una situación rutinaria y cotidiana. La sombra de quien toma la fotografía queda visible sobre la mesa y el encuadre no busca ocultar las imperfecciones presentes en la escena. Estos elementos muestran que la imagen fue tomada de manera inmediata, sin modificar previamente el entorno para obtener un resultado más cuidado. El interés está puesto en conservar una escena común tal como se encontraba en ese momento, característica propia de la fotografía casual y de su carácter espontáneo"
183dd488448233e2,CG,diseño,alta,NO,"Utiliza una toma cenital y una composición asimétrica, ubicando el alfajor fuera del centro de la imagen. Los pocos elementos y colores presentes, junto con el amplio espacio libre, generan una composición minimalista. El fondo claro permite diferenciar fácilmente el objeto y mantener una paleta visual reducida. La disposición del alfajor y su envoltorio concentra la información en una zona determinada del encuadre, mientras el resto permanece prácticamente vacío. Estas características responden a una fotografía de diseño basada en la simplificación y la organización intencional de los elementos."
a4486021a80f671e,CG,diseño,alta,NO,"Utiliza el estilo flat lay, organizando los elementos de forma intencional sobre una superficie clara y fotografiándolos desde arriba. El objeto está ubicado aplicando la regla de los tercios, dejando un amplio espacio negativo que permite centrar la atención en él. La disposición del perfume y su tapa muestra una composición previamente pensada, en lugar de un registro espontáneo. La presencia de pocos elementos y una paleta de colores reducida refuerzan la estética minimalista y permiten destacar las formas, los colores y los detalles del producto dentro del encuadre. "
8cfc34fd19024943,CG,diseño,alta,NO,"Presenta una toma cenital donde se destacan las formas y líneas geométricas del mouse. Su ubicación siguiendo la regla de los tercios deja un amplio espacio negativo, evitando que otros elementos compitan visualmente con el objeto principal. La composición utiliza pocos elementos y una paleta de colores reducida, características propias de una estética minimalista. El fondo claro permite diferenciar con facilidad la forma y los detalles del mouse, mientras que su disposición dentro del encuadre mantiene una composición simple y organizada, centrada principalmente en el diseño del objeto"
3ac9f6842f0ec3f1,CG,profesional,alta,NO,"Presenta una composición cuidada, utilizando líneas de fuga y repetición de elementos que guían la mirada hacia el fondo de la imagen. La perspectiva desde un punto elevado permite observar la extensión de la avenida y genera una clara sensación de profundidad. La distribución de los edificios, árboles y vehículos acompaña la dirección de las líneas principales y organiza visualmente la escena. Además, la buena nitidez permite distinguir los diferentes elementos y planos, reforzando el carácter profesional de una fotografía basada en una composición estructurada y técnicamente definida."
f7ebf19812f71ef6,CG,profesional,alta,NO,"Presenta una buena nitidez y un sujeto principal claramente definido dentro del encuadre. El contraste entre el monumento y el cielo permite diferenciar con claridad sus formas y contornos, haciendo que la mirada se dirija directamente hacia él. El espacio libre que lo rodea evita que otros elementos interfieran visualmente con el sujeto principal. La perspectiva utilizada también permite apreciar su altura y estructura, mientras que la definición de sus líneas y detalles contribuye a una imagen técnicamente cuidada, características que permiten identificarla como una fotografía profesional."
777f8febbb00aa17,CG,profesional,alta,NO,"Utiliza la regla de los tercios para ubicar al caballo fuera del centro de la imagen, logrando una composición visualmente organizada. La disposición de los distintos elementos del paisaje y la perspectiva generan sensación de profundidad, permitiendo distinguir diferentes planos dentro de la escena. La buena nitidez mantiene al caballo claramente definido y permite destacarlo como sujeto principal sin separarlo del entorno natural. A su vez, el encuadre conserva suficiente información del paisaje para contextualizar la escena, dando como resultado una fotografía cuidada y con una composición técnicamente estructurada."
30747585c90cd4b2,LPG,casual,alta,NO,"Registra un momento pasajero sin buscar ninguna perfección técnica. La luz dura genera sombras accidentales y el encuadre ignora los cánones de belleza académica, funcionando como un simple documento de lo ordinario."
dd708ec6ba768779,LPG,casual,alta,NO,"Documenta una sorpresa mundana, priorizando el registro de lo no-notable por encima de la geometría armónica. La iluminación no está controlada y el encuadre incluye hojas distractivas, alejándose de una imagen comercialmente limpia. Su ambigüedad surge al imitar los códigos de la macrofotografía científica."
aa450afd32d7f33c,LPG,casual,alta,NO,"El encuadre rápido incorpora ramas, texturas desordenadas y hojas, ignorando deliberadamente la necesidad de aislar al sujeto principal o mantener la nivelación. La ambigüedad de esta captura se manifiesta en su tensión temática."
2d1d4c4a549e4f2c,LPG,diseño,alta,NO,"Se clasificó como fotografía de diseño por su evidente uso de la ""inmersión del cuerpo"". La presencia de la mano sosteniendo la bebida invita directamente al espectador a habitar ese estilo de vida. Además, se apropia de los límites de interfaz al utilizar el formato cuadrado de redes sociales, sustituyendo la narrativa por una atmósfera urbana nocturna."
37af1ac367a234c3,LPG,diseño,alta,NO,"Se asignó a la mirada estilizada porque aplica el ""Instagramismo"" al aislar un objeto de consumo. Su encuadre cuadrado refuerza los límites de interfaz de las plataformas. La ambigüedad surge del choque entre el fondo desordenado y el primer plano curado."
7ca44e14b7b4eca0,LPG,diseño,alta,NO,"Emplea la inmersión corporal para conectar con la audiencia e invitarla a habitar ese estilo de vida, utilizando un formato cuadrado propio de las interfaces digitales."
23cddcbe97159152,LPG,profesional,alta,NO,"Transforma un entorno natural en una estructura de precisión geométrica. Las cañas de bambú actúan como líneas verticales perfectamente alineadas que dominan el encuadre, demostrando una intención de control absoluto y un enfoque crítico auditable. Además, presenta un rango tonal equilibrado que evita luces quemadas en el dosel superior. La ambigüedad de la imagen reside en la tensión entre el sujeto y el tratamiento técnico."
e76f4941dc270e9b,LPG,profesional,media,SI,"El gran espacio del cielo y el reflejo sereno insinuaban el minimalismo global y el ""sostoyanie"" propios de la mirada estilizada. Sin embargo, se asignó definitivamente a la categoría profesional porque su valor principal radica en la estricta estructuración geométrica y la nivelación perfecta del muro de piedra, demostrando un control técnico auditable."
8acbcffe20643921,LPG,profesional,alta,NO,"Logra una neutralidad tonal ideal y un balance cromático que representa fielmente el entorno sin dominantes artificiales. La exposición equilibrada preserva información tanto en la vegetación oscura como en el cielo, mientras mantiene un enfoque crítico impecable sobre los detalles arquitectónicos del templo. Su ambigüedad conceptual nace del recorte cuadrado limitante aplicado a un paisaje naturalmente panorámico."
68b9770b4b560b81,SL,casual,alta,NO,"Esta imagen representa un momento cotidiano. Un pequeño reflejo de lo natural como es una planta  en un entorno rodeado de cemento y elementos idustriales. Como la intención es solo mostrar ese contraste dentro de un contexto domestico y personal que se puede percibir diariamente, es por lo que no se tuvo en cuenta encuadre ni tonalidades, no se jugo con las luces ni se busco un fin estetico superior, simplemente una captura instantanea despues de un rocio matutino. "
648242a78c764c00,SL,casual,alta,NO,"Se capturo un momento de relax con la intención de reflejar y compartir la agradable tarde de verano que se estaba disfrutando. Por tal motivo, la imagen no es perfecta desde el punto de vista técnico. No hay cuidado del plano ni del encuadre, tampoco fue parte de la preocupación la composición en general y la dipocisión de los elementos en contraposición con el fondo. En cuanto a la ambientación y atmósfera se logra por la simple representación porque no hubo una busquedad de la misma con la iluminación ni con los colores que aparecen."
5dddb7ae5c34be3d,SL,casual,alta,NO,"Una imagen simple que captura intereses literarios con la busqueda de mostrar un recorte de un espacio que se considera impotante dentro del depto como es la biblioteca para compartir y coincidir con gustos sobre lectura. Debido a esto, es que se encuentran muchos defectos técnicos en la foto. Entre los principales se puede nombrar la ambientación, no hay espacios entre los elementos, se disponen sin deliberación. En cuanto a la iluminación, no hay preocupación por como afecta la luz a la composición ni el efecto que las sombras generan. En conclusión es una muestra ordinaria."
83669df919299107,SL,diseño,alta,NO,"Esta captura quiere reflejar con toda intención el orden y la armonia de los elementos entre si en conjunto con el contexto. El ambiente se torna limpio y definido. El espacio si bien es aplanado porque la toma es desde arriba, la introducción de la luz en la escena desde uno de los costados permite que la sombra se proyecte y cree volumen y profundidad. Aqui, los vacios juegan en equilibrio con la composición en su totalidad, lo que permite percibir las vetas de la madera de la mesa, que aportan textura al conjunto."
2ed49f6b2355483c,SL,diseño,media,SI,"Esta imagen es la captura de un evento natural, de la intromisión del mar en la arena. Con ello, se busco jugar con las lineas que se formaron. Crear, de manera intencional, una disposición grafica mediante la elección del plano para que las líneas no sean del todo paralelas al encuadre y poder percibir movimiento mediante esto. La paleta al ser monocromatica porque se decidio no tener en cuenta las algas que aportaban color, permite solo tener en cuenta el uso de la luz y la sombra para enfatizar el relieve y profundidad de las lineas, y provocar imaginar figuras con ellas."
d6cd9f5b76eb9b27,SL,diseño,alta,NO,"Esta composición se crea desde la simpleza armonica y gráfica circular del conjunto. El ambiente limpio y sencillo genera una sensacón de pulcritud y cuidado que se puede tornar frio pero retorna su calidez al evocar añoranza a la vajilla de la abuela. El espacio se torna aplanado por el uso de un plano con mirada desde arriba. La paleta de colores deliberadamente neutral ayuda a que los vacios entren en equilibrio con el resto complementandolo y no invadiendo ni compitiendo con el. Se cuido el efecto de la luz, en este caso, tenue para no generar ruidos inecesarios que rompan con la atmosfera general."
6f4f831b8c174904,SL,profesional,alta,NO,"Paisaje que mezcla ambiente natural de la Reserva de Costanera Sur con el urbanismo moderno de Puerto Madero. Con la regla de los tercios se trato de establecer y enfocar la misma mirada con la que se tomo la foto para que pareciera que se volviera a ver desde el mismo punto. La nitidez y claridad estan bien logradas que permite que la definición sea preisamente lo que se intenta retratar. Equilibrio tonal logra un contraste sin esfuerzos que permite identificar la linea del horizonte y separar los dos universos planteados . Aun que los colores presentes son frios, la  atmosfera conseguida es calida, eso es gracias a la proporción de luminosidad que otorga el sol de la tarde. "
d0ce71be09929542,SL,profesional,alta,NO,"Naturaleza en su plenitud. Enfoque y mirada dirigidos a lo profundo de la vegetación gracias a la regla de los tres tercios que, a su vez, permite una linea de horizonte clara. Se aseguro la definición gracias a la nitidez que se ve en lo reflejos capturados en el agua como por ejemplo. La neutralidad tonal con predominancia del color verde con más azul en su composición crean una  atmosfera fria, tanto así, que pareciera que la temperatura fuera baja. La luz del sol presente no alteran esta sensación descripta, y como no es intensa ni avasallante, genera más profundidad con las sombras."
ee02eb2d14565782,SL,profesional,alta,NO,"Salas de exbición del Museo del Tigre. Su arquitectura clásica y tradicional permitio una clara y precisa regla de los tres tercios. También, conseguir una simetria que hace honor a la armonia composicional del lugar. La neutralidad tonal junto con la luz proveniente del exterior, a través del ventanal, y la iluminación artificial que aportan las hermosas arañas, permiten que se resalte aún más las diferentes texturas de las paredes, el suelo y el techo. La nitidez que se logra encauza la vista al horizonte y genera una sensación de que se respira una atomosfera calida y bella, y en consecuencia, un goce estetico elevado e idealizado del entorno que rodea."
7c08ace89a7197c3,EM,casual,alta,NO,"Es casual porque captura un momento espontáneo y sin poses desde la perspectiva de un asistente, con desorden natural sobre la mesa."
5c8b38273e53c777,EM,casual,alta,NO,"Es una toma espontánea a nivel de calle con perspectiva deformada, cartel cortado y luz plana, sin la composición ni corrección vertical de la fotografía arquitectónica"
ab13cb8cee0494cf,EM,casual,alta,NO,"Es una captura espontánea tomada desde un vehículo o vereda, con el avión obstaculizado por cables aéreos, carteles de señalización y sin un encuadre limpio"
5dc2d37e25ef3847,EM,diseño,alta,NO,"Es una fotografía de diseño porque utiliza una composición cenital deliberada basada en patrones geométricos repetitivos, ritmo visual y contraste cromático planificado para comunicar visualmente un concepto editorial."
3439be8d57ec26eb,EM,diseño,alta,NO,"Es una fotografía de diseño porque utiliza una composición de producto estructurada en capas, guiando la mirada desde la credencial en primer plano hacia los auriculares y aprovechando las líneas arquitectónicas de los estantes de madera para generar equilibrio y profundidad conceptual."
e83769d87668ec43,EM,diseño,alta,NO,Es una fotografía de diseño porque emplea una iluminación ambiental estilizada en tonos magenta y cian para generar un fuerte contraste cromático con las texturas del plato y los recipientes de salsas.
5e9981ca6089914d,EM,profesional,alta,NO,"Esta fotografía exhibe una calidad profesional gracias a su encuadre deliberado, la iluminación experta de la fachada que resalta texturas y detalles arquitectónicos, y la nítida resolución de la imagen, características que denotan una planificación técnica"
935e0d0f59d31079,EM,profesional,alta,NO,"Presenta un encuadre deliberado por capas (césped, árboles y skyline urbano) que utiliza la bandera argentina como punto focal central en un instante de despliegue perfecto, manteniendo la verticalidad de las torres y una correcta exposición del cielo nublado."
af98b2eecd725c26,EM,profesional,alta,NO,"Demuestra un control profesional de la exposición nocturna que resalta los relieves, cornisas y cúpulas del edificio histórico contra el cielo oscuro con nitidez y sin sobreexponer las luces artificiales."
0c8f605eae5227b6,GHM,casual,alta,NO,"Parrigas: La saqué apurado, antes de tirar la carne a la parrilla improvisada que armé con una llanta vieja sobre la hornalla: quería mandarle la foto a mi vieja para mostrarle el asado de olla que estaba preparando. El encuadre es cenital porque fue la única forma de que entraran los seis cortes en el cuadro, sin pensar un segundo en composición: quedan amontonados y el borde de la llanta corta la imagen de forma pareja, pero por casualidad, no por decisión."
b5b96d793df13694,GHM,casual,alta,NO,"Café robotico: La saqué con una mano mientras sostenía el café, casi sin mirar el visor, para mandarle la foto a un grupo y mostrar dónde estaba parado en ese momento. El fondo con el brazo robótico y la bandera quedó desenfocado y cortado sin ninguna intención, es lo que entraba en el cuadro estando ahí parado. No hay control de luz ni de encuadre: el vaso tapa buena parte de la escena y la composición es la que da el gesto natural de sacar una foto rápida. La asigno casual con confianza alta porque el único fin fue dejar registro del momento, no construir una imagen."
43d84889e50384e5,GHM,casual,alta,NO,"Açaí: La saqué apenas me trajeron el açaí, antes de empezar a comerlo, para mandarle la foto a mi familia y mostrarles la merienda. El ángulo cenital es el que da agarrar el vaso con una mano y la cámara con la otra, sin pensar en el fondo ni en la luz de la mesa. La cuchara clavada en el medio no es una decisión compositiva, es simplemente cómo había quedado después de revolver. La asigno casual con confianza alta porque fue un registro espontáneo de algo que estaba por comer, sin ninguna intención estética detrás."
c8a5046e8addc35b,GHM,diseño,alta,NO,"Toallasaurio: Me crucé esta toalla doblada como un dinosaurio al entrar a la habitación del hotel y paré todo para fotografiarla porque me interesó la forma en sí, no el objeto que representa. Elegí un ángulo bajo y lateral para que el cuello se recortara contra la pared lisa y casi vacía, que funciona como fondo neutro y deja que la silueta sea la protagonista absoluta. Encuadré buscando que el resto del cuarto quedara en segundo plano, aunque se cuelen la mesa de luz y los almohadones al costado. Lo pensé como una composición de curvas y textura contra una superficie plana. La asigno diseño con confianza alta porque la intención fue tratar el pliegue como una escultura, no registrar la habitación."
af8ce83f45e12ddd,GHM,diseño,alta,NO,"Los tres tragos: Quedaron alineados en la barra por casualidad del pedido, pero cuando los vi así, en fila y con esa gradación de colores —blanco, naranja y transparente— paré a fotografiarlos antes de tocarlos. Bajé la cámara casi a la altura de la barra y busqué el ángulo donde los tres vasos, con esa forma de cintura marcada, se recortaran contra el mármol oscuro y sus propios reflejos. El primer plano desenfocado del trago naranja genera profundidad y guía la mirada hacia los otros dos. La asigno diseño con confianza alta porque la intención fue jugar con la forma y el color de los vasos, no documentar la bebida."
e1e3c32107715633,GHM,diseño,alta,NO,"Tortuga de plastico: Me crucé esta réplica de tortuga marina en un puesto educativo de la playa y me llamó la atención la textura del caparazón y cómo quedaba apoyada sobre la arena, casi como si estuviera enterrando huevos de verdad. Bajé la cámara a la altura del animal para que ocupara el centro del cuadro y el fondo con los carteles y las palmeras quedara como contexto secundario, sin protagonismo. Elegí ese punto de vista bajo para exagerar el volumen de la figura contra la arena texturada. La asigno diseño con confianza alta porque la intención fue tratarla como un objeto escultórico dentro del paisaje, no registrar la instalación educativa."
c4c0b7e19cd15c05,GHM,profesional,alta,NO,"La playa: Elegí ese momento exacto del amanecer porque el sol bajo genera un contraluz que recorta mi silueta contra el horizonte y evita cualquier sombra dura sobre la arena. Bajé la cámara casi a la altura de las rodillas para que el plano de arena en primer plano ocupara buena parte del cuadro y el horizonte quedara alto, dándole peso a las nubes iluminadas desde abajo. Esperé a que rompiera una ola para que hubiera movimiento en el agua sin perder nitidez en el resto de la escena. La asigno profesional con confianza alta porque pensé la luz, el punto de vista y el encuadre antes de sacarla, buscando que pudiera funcionar como postal de viaje o portada editorial."
5167174efec5a652,GHM,profesional,alta,NO,"Sol: Elegí ese momento del día porque el sol estaba alto y el mar tenía ese verde translúcido que solo se ve con buena luz cenital, sin sombras duras en el agua. Encuadré dejando dos tercios de cielo despejado con nubes dispersas y un tercio de mar y arena, buscando una composición limpia y equilibrada, casi de postal. Esperé a que rompiera la espuma de la ola en primer plano para darle textura a la parte inferior del cuadro. La asigno profesional con confianza alta porque pensé la proporción cielo-mar y el momento exacto antes de sacarla, buscando que funcione como imagen de catálogo turístico."
886abcbb10b30245,GHM,profesional,alta,NO,"Bar de Resort: Encuadré la fuente en primer plano a propósito para que actuara como marco natural y llevara la mirada hacia el arco de piedra iluminado y la barra al fondo, jugando con los distintos planos de profundidad. Aproveché que era de noche para que las luces cálidas del arco y las frías de la fuente generaran contraste de color sin que ninguna zona se queme. Las columnas laterales encierran la escena y refuerzan la simetría del arco central. La asigno profesional con confianza alta porque pensé la composición en capas y el manejo de la luz nocturna antes de sacarla, con la idea de que funcione como imagen institucional del resort."
f229c10d545fe1d0,DM,casual,alta,NO,"Encarna la esencia de la captura documental hogareña, congelando un instante espontáneo, sincero y natural de la vida de campo o jardín."
27a455b82f1aab9e,DM,casual,alta,NO,"Es espontánea de la rutina diaria, capturando el contraste natural entre la luz dramática del cielo al atardecer y el asfalto mojado de la ciudad."
2fb99a00a841d253,DM,casual,alta,NO,"Registra un momento auténtico e imprevisto de la vida urbana, destacando la ternura y la tranquilidad de los animales en su entorno cotidiano sin intervenciones ni poses."
627eebcc19009bbc,DM,diseño,alta,NO,"Destaca por una profundidad de campo precisa que aisla el sujeto, un esquema de iluminación limpio que resalta la textura de los componentes y una composición en diagonales pensada para la comunicación técnica o publicitaria"
f05ac88732350556,DM,diseño,alta,NO,"Agrupa elementos culturales y orgánicos centrando la atención en el choque de texturas (la madera, el tejido de la canasta y el brillo de las semillas) para transmitir una estética de calidez y tradición."
2fb2d21dc3fffebc,DM,diseño,alta,NO,"El libro actúa como elemento principal de lectura inmediata en el primer plano izquierdo, mientras que el café, el agua y el mobiliario del fondo completan el contexto de la mesa."
e609fbba99b86fea,DM,profesional,alta,NO,"Esta foto tiene buena composición, luz natural y un paisaje bien equilibrado. El cactus en primer plano destaca y el atardecer de fondo le da profundidad y una sensación artística"
e9e082100927a678,DM,profesional,alta,NO,"Aprovecha los reflejos neón/rojos sobre el asfalto mojado para crear un clima cinematográfico nocturno, sombrío y melancólico."
8499aa74824d1ac2,DM,profesional,alta,NO,"Integra en un solo encuadre la naturaleza urbana, el colorido manto estacional del suelo y el patrimonio cultural (las estatuas de historieta), creando una escena cotidiana."
dfe2ccdee454d04b,GM,casual,alta,NO,"Entrada al Santuario Meiji, Tokio, Japón: la imagen es casual y responde a lo que Chalfen denomina “Modo Amigos”: una fotografía realizada durante una experiencia personal, cuyo propósito principal es conservar y compartir un recuerdo, más que producir un registro formal del lugar. Es una Mirada Vernácula operada por la “Cámara en Red” de Tifentale. Fue tomada espontáneamente en 2017 con un smartphone Samsung Galaxy y sus ajustes automáticos. No prioriza la técnica: encuadre vertical, perspectiva desplazada, contrastes de luz y sombra y visitantes incorporados naturalmente a la escena. Su valor reside en el recuerdo personal del viaje."
8d0e61cbdc64e3b9,GM,casual,alta,NO,"Edificio Sega en Akihabara, Tokio, Japón: la imagen responde al “Modo Amigos” de Chalfen, cuya intención es conservar y compartir un recuerdo del viaje por encima del registro formal. Constituye una Mirada Vernácula operada por la “Cámara en Red” de Tifentale, tomada de forma espontánea una tarde de verano en 2017 con los ajustes automáticos de un smartphone Samsung Galaxy. No prioriza el rigor técnico: presenta un encuadre vertical centrado, luz solar estival intensa en contraluz que genera marcadas sombras en la calle y peatones integrados naturalmente en el dinamismo urbano. Su valor fundamental reside en inmortalizar la memoria personal de la experiencia."
385ad8dbe25b5996,GM,casual,alta,NO,"Tumbas de los 47 Ronin en el Santuario Sengaku-ji, Tokio, Japón: la imagen se adscribe al “Modo Amigos” de Chalfen, al nacer del interés personal por documentar una visita de gran carga emocional, vinculada a la trayectoria en artes marciales y la admiración por los valores de lealtad de los rōnin. Esta Mirada Vernácula, canalizada por la “Cámara en Red” de Tifentale, fue capturada espontáneamente en 2017 mediante los ajustes automáticos de un smartphone Samsung Galaxy. La toma rehúye el preciosismo técnico: adopta un encuadre vertical en perspectiva diagonal, iluminación natural difusa y un plano cercano de las estelas de piedra con sus incensarios. Su propósito trasciende el registro formal para convertirse en un testimonio afectivo."
783a751154083195,GM,diseño,alta,NO,"Noganet Keyboard Android: es foto de diseño porque trabaja el Global Minimalism de Manovich y el sostoyanie de Brodovitch. Este mini teclado inalámbrico es una pieza de diseño industrial y hardware tecnológico, dispuesto en una composición en diagonal sobre un fondo neutro que enfatiza su ergonomía, silueta curvada y la disposición simétrica de la interfaz de teclas. La toma explora la textura mate del cuerpo del dispositivo en contraste con la intensa retroiluminación LED azul, generando un estado de ánimo futurista y dinámico. Su enfoque trasciende el registro personal para funcionar como fotografía de producto o catálogo: prioriza la legibilidad del objeto, sus puntos lumínicos funcionales y su identidad como gadget de la cultura digital contemporánea."
7bb801f88a444b6e,GM,diseño,Media,SI,"Teja artesanal pintada a mano: es foto de diseño porque trabaja el Global Minimalism de Manovich y el sostoyanie de Brodovitch. La pieza artesanal se presenta aislada sobre un fondo neutro de pared blanca, lo que maximiza el contraste de color y resalta tanto la curvatura física del soporte cerámico como la textura pictórica de la obra. La composición frontal y centrada prioriza la legibilidad del trazado artístico, la vivacidad de la paleta y los detalles del pincel. Bajo una iluminación difusa y homogénea, la toma prescinde de distracciones contextuales para funcionar como un registro de catálogo expositivo, revalorizando el objeto como una pieza única de artesanía y diseño decorativo."
225b3364bf132878,GM,diseño,alta,NO,"Naturaleza muerta gastronómica: es foto de diseño porque trabaja el Global Minimalism de Manovich y el sostoyanie de Brodovitch. Los elementos —una tabla de picar de madera, un cuchillo en diagonal y un cuenco de cerámica oriental invertido— están dispuestos en plano cenital (knolling) sobre una superficie blanca y neutra. La composición es pura y estructurada, resaltando la interacción cromática y de texturas entre las vetas de la madera, el brillo metálico del filo, el mango oscuro y el sello azul de la cerámica. Aprovechando una luz natural suave y difusa, la toma revela detalles como la huella circular de agua sobre la madera, sugiriendo el uso previo del recipiente e incorporando una narrativa temporal sutil a esta pieza de catálogo sobre el diseño utilitario y cotidiano."
da64c207c8c2edf1,GM,profesional,alta,NO,"Estación Hipólito Yrigoyen (Línea Roca): la imagen es profesional porque cumple los cinco pilares. Regla de los tercios: el andén central divide la composición verticalmente en tercios simétricos; el horizonte y las estructuras metálicas dividen el espacio en tercio superior cielo y tercios inferiores para andenes y vías. Profundidad de campo: presenta múltiples planos nítidos, desde la textura del suelo del andén en primer plano, pasando por los postes y cercas intermedias, hasta el edificio al fondo. Nitidez: excelente definición en la trama de la cerca de alambre, los cables de catenaria y las piedras del balasto. Líneas de fuga: las vías, las aristas del andén y los cables aéreos convergen decididamente hacia un punto de fuga central, generando una marcada perspectiva. Iluminación: luz solar clara de tarde soleada, con exposición equilibrada que resalta los colores sin saturar las sombras ni quemar el cielo."
83f6ec1efdb6e7de,GM,profesional,alta,NO,"Puente Rainbow (Bahía de Tokio): la imagen es profesional porque cumple los cinco pilares. Regla de los tercios: la estructura principal de la torre del puente se ubica en la intersección del tercio superior central, mientras que la barandilla metálica delimita el tercio inferior de la composición. Profundidad de campo: establece planos claramente diferenciados, desde la barandilla en primer plano, la masa de agua y la estructura del puente en plano medio, hasta la silueta urbana de Odaiba en el fondo. Nitidez: resolución precisa en el cableado de suspensión, los tensores de acero y el enrejado del primer plano. Líneas de fuga: la calzada del puente y las vigas metálicas se extienden en una diagonal descendente hacia la derecha que guía la mirada a través de la bahía. Iluminación: luz natural tamizada típica de un día estival, con un contraste tonal bajo que define contornos limpios sin saturar las sombras."
541c4272ceed585b,GM,profesional,alta,NO,"Torre Fujimi-yagura (Palacio Imperial de Tokio): la imagen es profesional porque cumple los cinco pilares. Regla de los tercios: la edificación histórica se ubica estratégicamente en el tercio superior central, mientras que el muro de piedra ocupa el tercio medio y el foso verdoso se despliega a lo largo del tercio inferior. Profundidad de campo: presenta una nítida estratificación de planos, desde las acículas de pino que enmarcan la escena en el primer plano superior y derecho, la lámina de agua en el foso, hasta la muralla de piedra y la estructura de la torre con su follaje posterior. Nitidez: excelente definición gráfica en los encajes del muro de piedra, las tejas del tejado tradicional y las agujas de las pinochas en los márgenes. Líneas de fuga: la diagonal inclinada de la base de la muralla y la perspectiva del foso dirigen la mirada hacia el margen derecho, dotando a la composición de dinamismo y volumen. Iluminación: luz natural difusa propia de un día despejado, con una exposición equilibrada que resalta la textura del muro sin perder detalle en la fachada blanca de la torre."
c29065bbe01cb834,RN,casual,alta,NO,"Constituye un registro espontáneo capturado durante un recorrido turistico. El objetivo radica en documentar la presencia frente a un personaje de una serie conocida y comercial, sin planificación previa de la iluminación ni del encuadre. Se reconoce cierta ambigüedad en la toma, ya que la presencia de colores saturados en el elemento central y una composición relativamente centrada podrían sugerir una intención publicitaria; sin embargo, el fondo desordenado, la luz dura sin relleno y la falta de aislamiento del motivo confirman su carácter casual."
e7acfd34c603a341,RN,casual,alta,NO,"Es una fotografía informal que busca congelar un momento de interacción con un personaje de una saga de películas. La necesidad de registrar un recuerdo personal para recordar un personaje de la infancia, sin aplicar reglas formales de iluminación ni balance tonal. La ambigüedad reconocida reside en que la disposición de los sujetos en el encuadre genera un punto focal claro que podría interpretarse como una búsqueda de composición profesional; no obstante, la presencia de ruido visual ambiental y la falta de control sobre la profundidad de campo reafirman su naturaleza espontánea."
9b4ca6034efcdf37,RN,casual,alta,NO,"Esta foto es un registro rápido en la calle de amigos en una visita guiada. Busca reflejar la realidad espontánea sin arreglos. Se observa sombras naturales e iluminación dura. La composición no utiliza la regla de los tercios, dejando un encuadre descentrado con bastante ruido visual de fondo. Además, el enfoque es parcial y presenta leve desenfoque periférico. Aunque el encuadre abierto busca mostrar el lugar, la falta de control técnico lo que confirma su carácter informal."
d2dc28a74ea06842,RN,diseño,alta,NO,"Construye una estética pulida y limpia antes que registrar un hecho real. Utiliza una iluminación homogénea y pareja que no produce sombras duras, manteniendo los detalles visibles en los pétalos. La composición ubica el motivo en la esquina superior para generar un amplio espacio negativo, guiando la mirada de forma equilibrada. Además, el enfoque está bien definido en las flores con una profundidad de campo sutil que suaviza la textura de la madera. La búsqueda de una atmósfera visual (sostoyanie) confirma su estilo de diseño."
4d03e8564dbaf778,RN,diseño,alta,NO,"Presenta un orden deliberado enfocado en la geometría de los objetos. La iluminación es suave y repartida, destacando las formas mecánicas y las texturas del plástico y la silicona verde neón. En la composición, se usa un encuadre en diagonal sobre un fondo neutro para transmitir equilibrio y serenidad. El enfoque es nítido sobre el ejercitador principal, usando desenfoque de fondo para aislar las herramientas sin distracciones ambientales. La disposición estilizada del espacio busca transmitir un estilo de vida de una persona que requiere rehabilitación."
753a4a5ce566a67c,RN,diseño,alta,NO,"Esta foto busca un juego gráfico entre tramas y arquitectura urbana, sin figuras humanas. La iluminación natural aprovecha la luz clara del día, generando un alto contraste entre los hilos oscuros y el cielo azul. El encuadre coloca la red en primer plano como una grilla geométrica que fragmenta los edificios del fondo. El enfoque es intencional: la cámara hace foco en la malla metálica, provocando un sutil desenfoque periférico en las estructuras distantes para lograr la búsqueda consciente de patrones geométricos."
1332f2c2eeec6b1d,RN,profesional,alta,NO,"Se destaca una iluminación planificada que aprovecha la luz pareja del día sin quemar las nubes ni empastar las sombras. La composición utiliza la regla de los tercios, ubicando al sujeto en un punto clave apuntando hacia la montaña para dirigir la mirada del espectador. El enfoque es nítido en todos los planos (gran profundidad de campo), logrando buena definición tanto en las ruinas como en el fondo. Existe ambigüedad al parecer una foto de viaje casual; sin embargo, la precisión en la exposición y el equilibrio confirman su categoría a profesional."
fbe178dd286267d6,RN,profesional,alta,NO,"Presenta un balance de blancos exacto que respeta el color  verde natural de la vegetación y los tonos neutros de la piedra. La composición aprovecha las líneas diagonales de las terrazas agrícolas para crear perspectiva y profundidad. El enfoque es sumamente preciso de frente a fondo (máxima profundidad de campo), garantizando nitidez total en las ruinas. Se reconoce ambigüedad con la categoría de diseño por el gran valor estético del paisaje; sin embargo, la ausencia de filtros artificiales y la fidelidad del color aseguran su registro técnico profesional."
3ad1cbd756a9d04f,RN,profesional,alta,NO,"Se destaca un histograma tonal distribuido, donde la iluminación registra desde los tonos claros del cielo nublado hasta los oscuros de la piedra sin zonas quemadas. La composición utiliza la curva del paseo en la rambla como línea de entrada para conectar la arquitectura urbana con el mar en el horizonte. El enfoque mantiene una nitidez completa en todo el encuadre. Existe ambigüedad frente a la mirada de diseño por la calma y quietud que transmite la escena; sin embargo, la fidelidad del color y el rigor técnico confirman su carácter profesional."
a910a71422e08e26,AO,casual,alta,NO,"La captura no respeta ninguna de las reglas de composición. Descuida el foco y la iluminación, asi como también el angulo de captura. Se hace notoria la falta de cuidado al momento de capturar la foto, por lo cual captura un momento de instantaneidad propia de las fotografía casual."
896e154c74869e7c,AO,casual,baja,SI,La foto no respeta la regla de los tercios y recorta parte del sujeto. Sin embargo tiene cierto cuidado con respecto a la iluminación.
d3b56af750149365,AO,casual,alta,NO,La foto descuida el angulo de captura y no contiene un sujeto especifico. Captura el desorden de la ciudad desde un punto de vista descuidado
52e7dc258e7b2904,AO,diseño,baja,SI,"La iluminación apagada invita a una sensación de tranquilidad, lo cual cuida la estetica y la concordancia de la imagen. "
cb51b3af0a42e2e4,AO,diseño,media,NO,"Podría determinarse como 'foto producto'. Hace foco en el plato como principal sujeto e intencionalmente deja el resto desenfocado. Todo en la foto tiene un sentido, el fondo da contexto sin levarse la atención principal, el plato queda como sujeto principal y la vibración de los colores ayuda a retener la atención del espectador."
54f4dc5807b1e1ad,AO,diseño,alta,NO,"La captura genera al espectador un ambiente calido, mostrando el café en primer planto, el cesped de fondo con iluminación natural del sol."
48255459e442ae9b,AO,profesional,baja,SI,Juega con toda la geometría de las edificaciones y la perspectiva de la captura. Se puede defirnir como caso borde porque no respeta del todo la regla de tercios ni cuida la alineación
4e3c1b5e15e9dad5,AO,profesional,alta,NO,"La imagen respeta la regla de los tercios, jugando a su vez con la profundidad colocando a distintos sujetos en distintas distancias al punto de toma. Cuida al mismo tiempo la alineación del encuadre."
ee45744093d2b088,AO,profesional,media,NO,"La foto juega con la profundidad, colocando a los pescadores en el tercio inferior izquierdo y la ciudad de fondo. La iluminación recuerda a una estetica synthwave plasmada en una ciudad real."
edf95c51b91ed672,VP,casual,alta,NO,"Esta imagen se clasifica como fotografía casual porque captura un momento espontáneamente, un turista mirando la ciudad de Nueva York desde el World Trade Center. Su propósito es registrar una vivencia personal en un sitio icónico, donde la experiencia cotidiana importa más que el estricto control técnico. La ambigüedad que reconoce radica en que, aunque la foto se perciba como algo accidental e improvisado, en realidad responde a pautas culturales implícitas que dictan qué lugares vale la pena documentar y de qué forma hacerlo, transformando lo aparentemente espontáneo en un hábito aprendido."
e274d8491a49af83,VP,casual,alta,NO,"Esta imagen cumple con la clasificación de fotografía casual, ya que refleja una situación de recorrido por el Cementerio de la Recoleta, un transeúnte con auriculares y teléfono móvil caminando entre mausoleos, priorizando la captura del instante sobre la técnica. Manovich explica que estas tomas buscan registrar la experiencia cotidiana e itinerante en espacios icónicos dentro del «modo casero». La ambigüedad que reconoce el autor radica en que, aunque la foto parezca un evento fortuito y totalmente improvisado, sigue convenciones culturales aprendidas sobre qué lugares fotografiar."
a0cedbc649ee25ed,VP,casual,alta,NO,"Esta imagen corresponde a la fotografía casual, ya que es un registro documental directo de un grafitti, sin intervención visual ni estilización. Fue tomada al encontrarla por casualidad en la calle, y me llamó la atención la ironía del texto, los dos escritos, los contrastes de colores y la variedad de lecturas que puede tener. Según Manovich, este tipo busca documentar un hallazgo cotidiano priorizando el testimonio sobre el rigor técnico (el encuadre no debería cortar la parte superior, lo ideal hubiera sido que el taxi no estuviera...). La ambigüedad que reconoce radica en que, aunque la toma parezca fortuita, responde a convenciones implícitas que filtran qué vale la pena fotografiar."
d08f6f455f659513,VP,diseño,alta,NO,"Esta imagen cumple con la clasificación de fotografía de diseño, ya que enfoca la atención en la estructura geométrica y limpia de un jardín en azotea, integrando vegetación y arquitectura de forma altamente estilizada. Es un juego de líneas que pierde su realidad de edificio y se confunde con un dibujo geométrico. Según Lev Manovich, este tipo prioriza la estructura visual y el lenguaje del diseño gráfico, aplanando la perspectiva tridimensional. La ambigüedad que reconoce el autor radica en que estas imágenes tienen una inevitable variedad de dimensiones propias de la fotografía aunque busquen un abordaje más plano. Como dice Manovich "" La frontera entre lo auténtico y lo escenificado, lo improvisado y lo planeado no siempre es clara."""
c745ae65e8952ede,VP,diseño,alta,NO,"Esta imagen se clasifica dentro de la fotografía de diseño, ya que es una composición minimalista que juega con la textura de la piedra, la vegetación y la proyección de sombras. Genera un efecto de ""engaño"" en el que se puede confundir la sombra como si fuera generada por la cruz de la izquierda. Transmite un ambiente propicio para la contemplación. Manovich indica que este estilo prioriza la atmósfera y el diseño visual sobre el registro documental. La ambigüedad que reconoce radica en la tensión entre el fotorrealismo de la cámara y la abstracción buscada."
83c406fc8c2017fe,VP,diseño,alta,NO,"Esta imagen cumple con la clasificación de fotografía de diseño, pues transforma la naturaleza en una textura o patrón puramente visual, un patrón abstracto de líneas verticales (troncos) sobre un degradado de color suave rosa y celeste, privilegiando la atmósfera estética por encima del fotorrealismo clásico. Según Lev Manovich, este estilo busca un equilibrio entre la captura tridimensional de la cámara y el lenguaje visual del diseño gráfico. La ambigüedad que reconoce el autor radica en que estas imágenes habitan un espacio intermedio entre el fotorrealismo inevitable de la cámara y la abstracción geométrica, así como entre la vivencia genuina y la escenificación calculada."
eedc66f4dff30ac3,VP,profesional,media,SI,"Esta imagen cumple con la clasificación de fotografía profesional, ya que es una foto que respeta la distribución de los tercios de manera un poco despareja, pero sí la ubicación del punto focal en un punto de intersección. Se destaca por el manejo de la iluminación, con un juego de luces y sombras en diferentes planos que genera un clima misterioso y muy bello. Según Lev Manovich, esta categoría se rige por las reglas académicas de la «buena fotografía», como la regla de los tercios y el equilibrio lumínico. La ambigüedad que reconoce el autor radica en que seguir estas normas formales no garantiza un valor artístico genuino, oscilando entre la mera imitación técnica y la búsqueda expresiva."
e757f4719f64dc1a,VP,profesional,alta,NO,"Esta imagen responde a la fotografía profesional, ya que es una foto de composición muy clásica, respetando la regla de los 3 tercios, con un objeto en primer plano, el bote, que se integra temáticamente con el río y el puente en el fondo, inmerso en la niebla y con un leve desenfoque que marca la profundidad de campo. Lev Manovich define este tipo por la aplicación sistemática de las reglas tradicionales de la «buena fotografía». La ambigüedad que reconoce es que seguir estrictamente estos preceptos técnicos puede generar una imagen demasiado calculada que se transforme en algo homogéneo y nada creativo."
d00c2e36dd3deac2,VP,profesional,alta,NO,"Esta imagen cumple con la fotografía profesional, pues es una foto que juega con el contraste de los colores para delimitar las secciones, resaltando el tercio inferior con las flores y el blanco de las paredes y el azul de las aberturas en el sector medio. También el farol, en un punto de intersección balancea con el contrapunto de los techos de tejas, que corta la línea inclinada sobre las aberturas con una pendiente descendente que vuelve la mirada hacia el centro de la foto. Manovich indica que este tipo aplica los tercios y líneas direccionales. La ambigüedad radica en que seguir estas normas no asegura valor artístico."
2ab281201312fecb,LP,casual,alta,NO,"Interior del Museo de Ciencias Naturales de La Plata: la imagen es casual porque captura el ""Modo Amigos"" de Chalfen: no documenta un hito oficial, sino una ""noticia para íntimos"" del Long Tail de la visita. Prima el valor testimonial sobre el canon de belleza. Es Mirada Vernácula operada por la ""Cámara en Red"" de Tifentale. Los algoritmos de visión del smartphone resuelven en automático. No prioriza la técnica: nivelación inclinada de columnas, altas luces ""quemadas"" en el techo y corte accidental del esqueleto."
954d83367218a65c,LP,casual,alta ,NO,"Fachada del Museo de Ciencias Naturales de La Plata: la imagen es casual, ""modo amigos"". Funciona como ""noticia para íntimos"" que prioriza el estar ahí sobre la técnica. El valor es testimonial. Desde la Mirada Programada de Manovich, no busca la gramática estética de Instagram, sino el registro vernáculo. Incumple los cinco pilares técnicos: sin regla de los tercios, con encuadre accidental por autos estacionados y ramas que invaden, y nivelación caída. Los límites de interfaz no se usan para componer."
2c29b3aac351c060,LP,casual,alta,NO,"Dibujo infantil: la imagen es casual, el ""Modo Casero"" originario de Chalfen en estado puro. La guía la lista en ""Sujetos a Capturar (lo no-notable)"": un niño y sus momentos pasajeros. Es una noticia para íntimos donde importa la conexión personal del Long Tail, no la calidad. No hay enfoque crítico, ni balance cromático, ni rango tonal equilibrado, hay arrugas del papel y sombras. Es la Cámara en Red documentando lo banal sin legitimación estética, lo opuesto al minimalismo global y al ""sostoyanie""."
b52390d735a38167,LP,diseño,alta,NO,"Robot Android: es foto de diseño porque trabaja el Global Minimalism de Manovich y el sostoyanie de Brodovitch. El muñeco Android es un ícono del diseño industrial y de interfaz, aislado sobre fondo neutro que resalta forma, material y color plano. La composición es minimalista, centrada, con estudio de textura mate y brillo. La iluminación dura genera sombra definida que da volumen y escala. No es noticia para íntimos, es catálogo: prioriza la legibilidad del objeto, su silueta y su valor como signo del diseño contemporáneo."
ccb7379d83ecac89,LP,diseño,alta,NO,"Vaso negro: es foto de diseño porque es Global Minimalism. El vaso negro mate se presenta aislado sobre fondo claro, sin anécdota ni contexto, solo para estudiar su silueta, su borde y su materialidad.
La mirada es Programada: simetría central, encuadre limpio y control de la luz lateral que modela el volumen y deja una sombra suave que ancla el objeto. Ese vacío genera sostoyanie, una atmósfera contemplativa y suspendida.
No hay valor testimonial de Modo Amigos, hay síntesis formal y principio de ""menos es más"", propia de diseño."
61bf3b0136855ec7,LP,diseño,alta,NO,"Sello: es foto de diseño porque retrata diseño industrial anónimo y funcional. Es Global Minimalism. El fondo es neutro. La toma frontal y centrada prioriza la legibilidad de su diseño: carcasa, contraste plástico-transparente y geometría. La luz y sombra proyectada generan sostoyanie y profundidad, estudio de volumen y material. Desde la Mirada Programada, no hay vernácula, hay intención de catálogo: documentar el diseño cotidiano, silencioso y eficiente, opuesto al Long Tail casual, propio de diseño.  Se elimina el desorden en favor de la pureza formal."
4e3caac0483f56ec,LP,profesional,alta,NO,"Camino de tierra, montañas con nieve y cielo: la imagen es profesional porque cumple los cinco pilares. Regla de los tercios: el pico nevado cae en el tercio superior derecho. Cielo un tercio arriba; montañas, un tercio medio y suelo, un tercio abajo. Profundidad de campo: presenta cuatro planos nítidos, barro en primer plano, valla en medio y cordillera atrás. Nitidez: textura de barro y nieve definida sin bruma. Líneas de fuga: la diagonal del camino lleva al valle. Buena iluminación."
c5bdfb3aed894a55,LP,profesional,alta,NO,"La regla de los tercios se resuelve con un tercio inferior de piedras como ancla, un tercio medio de agua y un tercio superior de bosque y cielo, con el horizonte por encima del medio y la costa en diagonal de izquierda a derecha. La profundidad de campo presenta cuatro planos, rocas en primerísimo plano, piedras bajo el agua, oleaje y costa boscosa al fondo, todo en foco con sensación de inmersión. La nitidez revela textura de rocas, olas y nubes con detalle. Las líneas de fuga las marca la costa y la rompiente paralela que guían hacia la derecha. La iluminación con nubes y azul evita cielos quemados y aporta volumen."
8b8785986a43c3b6,LP,profesional,alta,NO,"La foto es profesional. Cumple la regla de los tres tercios: abajo las piedras grandes, en el medio el agua y arriba la montaña con bosque. La vista sube de abajo hacia arriba sin cortes. La imagen es nítida, desde las piedras de adelante hasta la ladera del fondo. De cerca se notan las piedras bajo el agua y las marcas de las rocas; el fondo se ve un poco más blando. Dos líneas en diagonal, la orilla y la ladera verde marcan los costados del lago y llevan el ojo hasta el refugio blanco del fondo. Con respecto a la iluminación, hay un brillo fuerte en algunas piedras mojadas."
079b3400d6a52fda,SS,casual,alta,NO,"La fotografía presenta el registro directo e informal de un entorno natural cotidiano, un árbol, capturado con luz natural y sin una puesta en escena ni posproducción. Se clasifica en la categoría casual por su carácter de toma instantánea y documental de la vida diaria, no hay una búsqueda de profesionalismo. No se tuvieron en cuenta reglas básicas de la fotografía, se buscó solo documentar el momento en un entorno natural. Esta simplicidad refuerza su carácter espontáneo en el registro cotidiano."
b0c7a2504d814937,SS,casual,media,SI,"Registro directo de un entorno natural y árido, capturado con luz natural de día y sin una puesta en escena aparente ni producción técnica previa. Se clasifica en la categoría casual por su carácter de toma instantánea y documental de un paisaje, donde predomina la intención de registrar el entorno de manera informal.
La confianza media se debe al caso límite entre profesional y casual,  debido a la inclusión del cactus en el primer plano a la izquierda, ya que existe una composición deliberada para darle profundidad al paisaje. Asimismo, la amplitud del encuadre y el juego entre los cerros y el cielo hacen que el límite entre casual y profesional resulte difuso."
59bf4fcdce804260,SS,casual,alta,NO,"Se registra un mural o graffiti urbano capturado al pasar, con el objetivo de documentar el hallazgo fortuito en la vía pública. No se tuvieron en cuenta reglas técnicas ni compositivas avanzadas, sólo se buscó dejar evidencia visual de la obra. Si bien se tuvo en cuenta el encuadre para centrar la figura sobre la esquina del muro, no considero que existan elementos estéticos o de producción suficientes para clasificarla en una categoría diferente. Esta simplicidad y falta de artificio refuerzan su carácter de registro casual e informal."
cb7725108a35d168,SS,diseño,alta,NO,"La fotografía presenta una disposición cuidada y preconcebida de objetos cotidianos (un conjunto de marcadores de colores agrupados vistos desde una perspectiva cenital sobre una tela con un patrón determinado). Se clasifica en la categoría diseño porque evidencia una intención estética previa, donde hay una selección de elementos, un ordenamiento espacial deliberado y una búsqueda de armonía visual. Se buscó disponer de los elementos a fin de obtener esa vista cenital, desenfoque del fondo y retratar el patrón que forman las tapas."
0cb757db5a1352c6,SS,diseño,alta,NO,"Es catalogada de esta manera ya que muestra una intención estética previa. Los objetos (cubiertos de madera, cuchara de silicona, recipiente y huevos) fueron escogidos intencionalmente de un conjunto de posibilidades para articular una paleta de colores unificada en tonos cálidos y neutros, en consonancia con la textura de la madera de fondo. La disposición espacial responde a un principio de orden y armonía visual, donde cada elemento funciona como un módulo independiente dentro de una grilla implícita. Se buscó además difuminar la luz cálida para evitar mayormente las sombras que pudieran introducir ruido visual."
76433f9644d76a15,SS,diseño,media,SI,"Esta fotografía está tomada en un entorno natural, si embargo hay intensionalidad en el cactus fotografiado, la perspectiva y marcar el contraste con el cielo. Se utilizó un ángulo en cotrapicado, que resalta las curvas del cactus contra el fondo, utilizando el cielo azul y las nubes como un fondo contratado y limpio. La ambiguedad en esta foto se debe a que podría catalogar como profesional por la nitidez del detalle en las texturas, el control de la exposición solar sin zonas sobreexpuestas, y la composición estilo fotografía editorial."
ed1e9a697eb402be,SS,profesional,alta,NO,"Esta fotografía fue tomada intensionalmente tomando en cuenta algunos criterios. Mostrar por un lado el foco en el objeto de interés (el rosario), lograr un enfoque nítido sobre la rama y el rosario, eliminando el ruido que pudiera ocacionar el fondo y guiando la mirada del espectador a ese punto. Se buscó un angulo determinado, de manera que el alambrado enmarque la escena. Además se intentó lograr un equilibrio en la nitidez para resaltar los destellos metálicos, pero también buscando se noten las flores fuer"
11dbbe4d0c75ea0e,SS,profesional,media,SI,"Esta fotografía fue tomada intencionalmente tomando en cuenta varios criterios. Se buscó retratar la textura y el detalle del muro de adobe en sombras sin perder la definición ni quemar el paisaje iluminado del fondo. Además, se cuidó la nitidez para registrar con fidelidad la arquitectura tradicional y el entorno natural, respondiendo a los estándares de una toma documental o editorial de nivel profesional. Hay intensionalidad en la disposición de lo que se enmarca y el ""lado"" desde el que fue sacada la fotografía. Permitiendo que se observen los cerros y las banderas. Presenta una ambigüedad que la aproxima a la categoría de diseño por la utilización intensional del marco natural."
cb3b0c948cb08aa9,SS,profesional,alta,NO,"Esta fotografía fue tomada intencionalmente tomando en cuenta varios criterios para enmarcarse en la categoría profesional. Se buscó un control preciso de la exposición para resolver una superficie blanca de gran reflectancia bajo el sol directo, manteniendo la nitidez en las texturas de la pared de adobe sin quemar las altas luces. Además, se cuidó el la nitidez para conservar los detalles y la fidelidad del entorno, logrando que tanto el azul del cielo como la textura de los escalones de piedra y el grabado histórico (""1940"") queden expuestos de forma equilibrada. Además se tuvo en cuenta el ángulo y los puntos de fuga.
"
5e5c5171aab15b9b,PS,casual,alta,no,"la considero casual porque el objetivo principal de esta fotografía es documentar una intervención de arte urbano en la calle, priorizando el registro del momento por sobre una composición planificada y no hay un control riguroso sobre los márgenes. La textura del granito y los bordes rasgados del papel evidencian un registro espontáneo de la escena. 
"
f6ddf5d7c03e4f08,PS,casual,media,SI," captura la experiencia de un recorrido por la ciudad, documentando el ambiente de la tarde sin una planificación previa. Existe una clara ambigüedad entre las líneas de fuga formadas por los árboles y la bicisenda sugieren una búsqueda compositiva propia de la fotografía profesional. Sin embargo, el ciclista cruzando de imprevisto en primer plano delata la espontaneidad del disparo y el cartel de la izquierda. 
"
1eb30ed14b860d5e,PS,casual,alta,NO,"la foto no aplica las reglas de la buena fotografía profesional como el encuadre es ruidoso, incluye personas cortadas en los bordes y no hay ningún control sobre el espacio negativo o la organización cromática, eso para mi la hace casual.
"
59bda69ed4ebc9fc,PS,diseño,alta,NO,"considero esta foto como de diseño por la vista cenital y la composición es deliberadamente minimalista, apoyándose en un uso extremo del espacio negativo blanco que aísla el objeto central por completo.
"
a2dff26623d21211,PS,diseño,alta,NO,"considero esta foto de diseño porque explora la geometría y el reflejo. El cielo carece de detalles, funcionando casi como un bloque de espacio negativo plano que resalta las curvas del metal. Además, hay un claro tono dominante cálido en el reflejo del sol que unifica la paleta cromática."
c27ec75bd0feb38f,PS,diseño,alta,NO," considero esta foto como diseño porque aplica las estrategias visuales típicas en redes sociales para gastronomía. utilice una vista cenital que para la escena y resaltar las texturas. A diferencia de una captura casual de una comida, acá hay una atención consciente a la composición con los textos y las franjas de la servilleta introduciendo líneas en diagonal para el encuadre.  

"
733e44bad056d2f3,PS,profesional,alta,NO,"considero esta foto como profesional porque tiene una composición equilibrada ubicando la línea de los árboles en el tercio superior, mientras el río actúa como una línea de orientación que guía la mirada en diagonal. Hay una exposición adecuada que permite ver detalles en las sombras del bosque y en la textura de las rocas.Tambien tiene una estética cuidada, con colores balanceados."
6cc4e3d8c050095a,PS,profesional,alta,NO,"onsidero esta imagen como profesional porque tiene una composición atractiva. El muelle guia la vista hacia el centro, mientras el reflejo en el agua crea un balance simétrico . La luz del atardecer permite una exposición adecuada con colores balanceados. Tambien por las proporciones clásicas del paisaje y la profundidad de campo la mantienen en la categoría profesional. 
"
e3a87910c6fd9d74,PS,profesional,alta,NO,"la considero profesional la composición utiliza las líneas de fuga de la cornisa y la columnata para generar profundidad y dirigir la mirada de forma ordenada, aplicando reglas clásicas de composición. Aunque la toma es contrapicada, hay un control consciente sobre el encuadre para mantener la estructura equilibrada 
"
ec49c2c7d3a81659,JN,casual,alta,NO,"Esta foto muestra a una persona parada en una esquina cerca de la senda peatonal, mientras espera que el tiempo transcurra para poder cruzar la calle, a su vez, un auto pasa frente a ella, en un paisaje rodeada de árboles. No hay poses, luces preparadas ni un encuadre perfecto; simplemente se capturó un segundo cualquiera de la rutina urbana para registrar el momento. Esta fotografía muestra la dependencia infinita del ser humano por el tiempo y la señal lumínica de un semáforo, color verde, para poder continuar su camino y su vida."
d6f94f8c35848c9d,JN,casual,alta,NO,"Esta imagen presenta una toma de espaldas en movimiento con un encuadre vertical. La luz solar directa genera un alto contraste entre la textura oscura del local con la persiana metálica a la derecha y el brillo de las baldosas. La jerarquía guía la mirada directamente hacia los sujetos (un hombre, un niño y una mujer). Fue tomada sobre la marcha, caminando detrás de la gente. No hay búsqueda de simetría ni preparación; es solo un trozo de vida cotidiana guardado en la memoria del teléfono sin interrumpir la caminata. Se aprecian las peripecias de su hijo y su triciclo, mientras se dirigen al parque un fin de semana con comercios cerrados."
19475964e1a62595,JN,casual,alta,NO,"En esta foto vemos una toma a nivel de los ojos con un encuadre abierto, iluminada por la luz difusa de un día nublado que genera un bajo contraste. La jerarquía visual se encuentra dividida: la textura del hormigón y las marcas del paso peatonal compiten por la atención con el sujeto a la izquierda y el auto en movimiento. Es un disparo instintivo hecho desde la vereda, sin buscar una composición pulida ni ajustar la luz. Se aprecia la narrativa de una guía que despliega una secuencia de historias de buenos aires a través del tiempo, mientras un grupo de turistas escuchan atentamente su relato."
178a2f164fe40598,JN,diseño,media,SI,"La foto corresponde a una toma cenital que organiza los elementos en una diagonal asimétrica: la taza de café abajo a la izquierda y el servilletero con sobres arriba a la derecha. La luz uniforme resalta los tonos neutros y la geometría de los objetos sobre la textura plana de la mesa, equilibrando el peso visual. Emplea el encuadre asimétrico y el control cromático del ""Instagramismo"", convirtiendo una escena de mesa en una composición gráfica bidimensional (2.5D) y pulida. Surge la duda de si representa la vivencia real de un cliente en una cafetería o si fue dispuesta intencionalmente como plantilla para maquetación editorial."
85ca3184b1262afb,JN,diseño,media,NO,"Muestra una toma cenital de una planta recostada a la izquierda sobre una superficie de madera clara. La iluminación difusa resalta la textura suave y orgánica de las hojas verdes en contraste con las vetas neutras del fondo. El encuadre asimétrico desplaza la jerarquía compositiva hacia un extremo, priorizando el espacio negativo. Elimina todo elemento de distracción para construir una atmósfera de calma y orden visual, alineándose con el minimalismo global de las redes sociales contemporáneas. Resulta incierto si se trata del detalle decorativo de un café moderno, el rincón de un escritorio o un estudio puramente gráfico sobre naturaleza."
698881cc0355769d,JN,diseño,alta,NO,"Presenta un encuadre cenital (tipo flat lay) con baja intensidad de contraste. La luz ambiental suave ilumina la taza de café, el plato y los sobres de azúcar. La textura cremosa de la espuma contrasta con la madera, mientras la jerarquía se concentra abajo, dejando la mitad superior como un amplio espacio vacío. Busca evocar un estado de ánimo de tranquilidad y pausa, utilizando la disposición ordenada de objetos cotidianos. No queda claro si la persona está por consumir el café, si recién terminó su pausa o si es una toma de publicidad."
fe3715ced414430a,JN,profesional,media,SI,"Esta toma vertical de encuadre abierto ubica una torre de telecomunicaciones en el tercio izquierdo, dejando el resto para la textura suave de un cielo nublado. La luz difusa proporciona un rango tonal uniforme sin sombras. Destaca el enfoque crítico sobre la estructura metálica, logrando nitidez absoluta en los bordes y un contraste equilibrado entre el rojo, el blanco y el fondo. Cumple con la regla de los tercios y deja un espacio negativo limpio para maquetación comercial, manteniendo control técnico sin ruido cromático ni zonas quemadas. La imagen documenta la conectividad digital, la tecnología o simplemente sirve como un fondo abstracto de publicidad."
caa5d20ed0623a86,JN,profesional,alta,NO,"Es una toma con la cámara colocada levemente por debajo de la altura de los ojos, orientada y apuntando hacia arriba con un encuadre que guía la mirada hacia una locomotora mediante las líneas convergentes de las vías. La iluminación resalta la textura metálica del tren, la vegetación y el balasto en el suelo, ofreciendo un contraste controlado. El sujeto cuenta con buena nitidez y un balance cromático neutro que satura adecuadamente el color sin distorsionarlo. Posee una arquitectura de luz definida, buen rango dinámico y una estructuración geométrica que genera volumen y profundidad comercial. Se puede percibir que el tren está en servicio, detenido en un taller o conservado como patrimonio histórico en una estación."
0e67e47b83e3a8fc,JN,profesional,alta,NO,"Es una toma en ángulo normal con encuadre vertical donde la farola ocupa el tercio izquierdo sobre un cielo de nubes y azul cobalto. La luz cálida lateral destaca la textura del sujeto y la copa de los árboles abajo. El balance de blancos, garantiza un rango dinámico sin negros empastados ni nubes en exceso. Se aplica una nitidez sobre el sujeto y la regla de los tercios, ofreciendo una imagen limpia y nivelada, ideal para bancos de imágenes. Surge la duda de si pertenece a un parque público histórico, una plaza urbana europea o un elemento arquitectónico aislado."
8d1258598afca955,TS,casual,alta,NO,"Considero que esta foto es casual ya que fue sacada con la intención de capturar un momento de caminata mientras almorzaba. Si bien considero que el sándwich no es el elemento principal de la foto, se ve en primer plano, desenfocado y entrecortado, ya que apareció de manera espontánea mientras sacaba la captura. La foto fue sacada a la marcha, sin ánimos de perfeccionar el encuadre o la iluminación de los objetos que aparecen en la captura. Mi intención principal era guardar un recuerdo del momento y del lugar por el que estaba caminando, más que realizar una fotografía planificada o con una composición determinada."
9c7f9e35a3e2c1be,TS,casual,alta,NO,"Considero que esta foto es casual ya que fue sacada durante un momento cotidiano, mientras me encontraba recorriendo el lugar. La intención principal fue capturar el ambiente de la cafetería y algunos de los elementos que llamaron mi atención en ese momento, sin haber preparado previamente la escena. Si bien intenté incluir varios objetos dentro de la captura, como las luces, las decoraciones y el mostrador, no tuve la intención de generar una composición específica ni de controlar la iluminación. La foto fue sacada de manera espontánea, buscando principalmente guardar un recuerdo del lugar tal como lo encontré."
e64bc107d75edb7d,TS,casual,media,NO,"Considero que esta foto es casual ya que fue sacada durante un momento de amigos, mientras jugábamos al Monopoly. Me gusta la composición e iluminación de la fotografía, y parece que los objetos en la mesa están organizados, por lo que en un principio dudé en dejarla como “Diseño”. Sin embargo, pienso que se ajusta mejor a esta categoría dada la situación en la que fue tomada. La fotografía surgió de manera espontánea durante el juego, sin haber preparado previamente los objetos ni planificado la escena. La intención principal fue capturar y guardar un recuerdo de ese momento compartido con amigos, más que crear una composición visual específica."
04853a26030d8afa,TS,diseño,alta,NO,"Considero que esta foto es de diseño ya que la imagen parece estar construida alrededor de una idea visual. El elemento principal, que es el reflejo con los colores del arcoíris, se encuentra desplazado hacia un sector de la fotografía y ocupa una parte importante de la composición. También considero que se aprovechan tanto los colores del reflejo como la forma que genera sobre el suelo. La textura del asfalto y las pequeñas imperfecciones también forman parte de la imagen y ayudan a generar contraste con el arcoíris. A diferencia de una fotografía tomada solamente para registrar un momento, en este caso la intención estuvo más relacionada con capturar una composición visual particular."
426bdbb549ee9842,TS,diseño,alta,NO,"Considero que esta foto es de diseño ya que la imagen parece estar construida alrededor de una idea visual. El elemento principal, que es el gato, se encuentra desplazado hacia un sector de la fotografía y ocupa una parte importante de la composición. También considero que las varias líneas diagonales se alinean y se superponen para generar una impresión de orden geométrico. Además, externamente, se realizó un cambio en la fotografía para que las líneas cumplan con la regla de los tercios. La iluminación y las sombras son personajes importantes de la fotografía."
91ce8ff529d4fb6a,TS,diseño,alta,NO,"Considero que esta foto es de diseño ya que parte de un concepto claro donde la luz proyectada recorta el espacio y organiza la escena. La sombra actúa como el personaje principal de la imagen, superando en jerarquía y relevancia al cuadro de la izquierda. Mientras la pintura permanece como un elemento secundario y pasivo, la silueta recortada en el muro aporta volumen, textura y dinamismo. Asimismo, la colocación de los elementos genera un juego de contrapesos entre el objeto plano y la forma proyectada. Por último, la dirección de la luz define el encuadre natural, haciendo que las sombras transformen un rincón cotidiano en una propuesta visual planeada."
62f555461d4f01bc,TS,profesional,alta,NO,"Es una foto de un faro que, si bien se encuentra enfocado y ubicado en el centro de la imagen, no lo considero el verdadero protagonista. La atención está principalmente en el cielo, la luz, las sombras y las nubes, que generan una atmósfera particular y le dan profundidad a la fotografía. La considero profesional porque presenta una composición equilibrada entre los distintos elementos visuales, utilizando de manera intencional la proporción entre el agua y el cielo. Además, las montañas funcionan como un horizonte que completa la escena y permite dirigir la mirada hacia el paisaje. En conjunto, la fotografía parece buscar transmitir una determinada sensación del lugar y no solamente registrar la presencia del faro."
abe8d84de10efe80,TS,profesional,alta,NO,"Considero que esta foto es profesional porque la composición parece estar pensada para destacar la palmera frente al cielo. Si bien el elemento principal se encuentra prácticamente en el centro, se dejó una gran cantidad de espacio alrededor para generar contraste y darle mayor importancia a su forma. El cielo azul funciona como un fondo limpio que permite distinguir claramente el tronco y las hojas de la palmera. También considero que la iluminación y la elección del encuadre ayudan a generar una imagen simple pero equilibrada. La fotografía no busca mostrar solamente el lugar, sino que utiliza los distintos elementos de la escena para crear una composición visual determinada."
696ad735c591ff16,TS,profesional,alta,NO,"Considero que esta foto es profesional porque busca mostrar el paisaje de una manera determinada, aprovechando las formas y los contrastes de la montaña. La nieve ocupa gran parte de la imagen y genera un contraste muy marcado con las zonas oscuras de vegetación, haciendo que las diferentes texturas sean fáciles de distinguir. También considero importante el encuadre, ya que permite apreciar la dimensión de la montaña sin perder los elementos que se encuentran en el primer plano. La ausencia de colores fuertes hace que la atención se concentre principalmente en las formas, las sombras y la profundidad del paisaje. La fotografía parece haber sido pensada para transmitir la sensación y la escala del lugar."
